"ASSET_ID","TX","WIND_SPEED","VIBRATION_1","TEMP_INNER_BEARING","TEMP_OUTER_BEARING"
TG2940,2013-05-28 10:07:00,0.4540779889,0,20,17.7808609009
TG2940,2013-05-28 10:12:00,0.5779280066,0,20,17.90076828
TG2940,2013-05-28 10:17:00,0.8764050007,0,20,16.5839614868
TG2940,2013-05-28 10:22:00,0.8624010086,0,20,17.2862701416
TG2940,2013-05-28 10:27:00,0.7698739767,0,20,16.4600505829
TG2940,2013-05-28 10:32:00,0.572239995,0,20,17.4478302002
TG2940,2013-05-28 10:37:00,0.7531599998,0,20,16.7388744354
TG2940,2013-05-28 10:42:00,0.6909700036,0,20,16.1275634766
TG2940,2013-05-28 10:47:00,0.5813469887,0,20,18.0197162628
TG2940,2013-05-28 10:52:00,0.3589920104,0,21.5972480774,16.5443077087
TG2940,2013-05-28 10:57:00,0.4622040093,0,20,17.3676357269
TG2940,2013-05-28 11:02:00,0.5908719897,0,20,16.727596283
TG2940,2013-05-28 11:07:00,0.4924699962,0,20,16.6123733521
TG2940,2013-05-28 11:12:00,0.4019399881,0,20,16.8393135071
TG2940,2013-05-28 11:17:00,0.3838180006,0,20,16.5270595551
TG2940,2013-05-28 11:22:00,0.4151859879,0,20,17.5468196869
TG2940,2013-05-28 11:27:00,0.4545710087,0,20,16.8717422485
TG2940,2013-05-28 11:32:00,0.3403309882,0,20,17.5295810699
TG2940,2013-05-28 11:37:00,0.4736230075,0,20,17.4381923676
TG2940,2013-05-28 11:42:00,0.3772760034,0,20,17.329246521
TG2940,2013-05-28 11:47:00,0.4488919973,0,20,17.4552516937
TG2940,2013-05-28 11:52:00,0.665677011,0,20,16.0478878021
TG2940,2013-05-28 11:57:00,1.1904970407,59.6571235657,72.4735488892,58.7390518188
TG2940,2013-05-28 12:02:00,1.2954909801,76.8049697876,105.8518829346,86.5333251953
TG2940,2013-05-28 12:07:00,1.393944025,99.1237869263,90.0588989258,72.1553268433
TG2940,2013-05-28 12:12:00,1.3954670429,123.1198730469,116.1884460449,94.1097869873
TG2940,2013-05-28 12:17:00,1.4099990129,128.5004882812,70.8047714233,57.4172172546
TG2940,2013-05-28 12:22:00,1.4340319633,128.1371612549,70.2445678711,58.0817184448
TG2940,2013-05-28 12:27:00,1.5894880295,98.8427734375,120.9309234619,97.1785583496
TG2940,2013-05-28 12:32:00,2.0254619122,93.8161468506,136.2716674805,109.4839553833
TG2940,2013-05-28 12:37:00,2.4165558815,153.924407959,175.6934814453,140.9878540039
TG2940,2013-05-28 12:42:00,2.5962500572,132.9194030762,151.1224060059,149.5836181641
TG2940,2013-05-28 12:47:00,2.4561340809,149.8281860352,142.488571167,115.7745437622
TG2940,2013-05-28 12:52:00,2.1879870892,102.1337890625,157.8662414551,127.8808059692
TG2940,2013-05-28 12:57:00,1.6551749706,141.7201843262,121.2392425537,98.7503051758
TG2940,2013-05-28 13:02:00,1.4779189825,86.0594787598,72.3467254639,59.4452781677
TG2940,2013-05-28 13:07:00,1.4170190096,126.176651001,77.8689880371,63.8034477234
TG2940,2013-05-28 13:12:00,1.6383889914,95.9144821167,107.8948974609,87.7373199463
TG2940,2013-05-28 13:17:00,1.9855569601,109.3167877197,152.875869751,122.7319717407
TG2940,2013-05-28 13:22:00,1.8884749413,69.0564804077,152.3226470947,122.6826782227
TG2940,2013-05-28 13:27:00,1.9371110201,77.1178817749,122.2580413818,98.309387207
TG2940,2013-05-28 13:32:00,1.9977389574,124.9484481812,130.8051147461,105.694770813
TG2940,2013-05-28 13:37:00,2.3695499897,88.4515991211,165.8453826904,132.8810119629
TG2940,2013-05-28 13:42:00,2.3313469887,92.0840606689,172.1953887939,110.7744750977
TG2940,2013-05-28 13:47:00,2.207242012,156.9805450439,175.692779541,140.7535400391
TG2940,2013-05-28 13:52:00,2.0852360725,100.9320678711,138.5950469971,111.0929641724
TG2940,2013-05-28 13:57:00,2.3395431042,88.5560760498,177.77293396,142.978225708
TG2940,2013-05-28 14:02:00,2.1598339081,67.3975524902,141.8748779297,114.9811859131
TG2940,2013-05-28 14:07:00,2.2056670189,84.365234375,124.6211776733,100.0045471191
TG2940,2013-05-28 14:12:00,2.2759859562,100.67628479,146.3989715576,118.289276123
TG2940,2013-05-28 14:17:00,2.3398489952,74.8616409302,160.5428619385,129.2725830078
TG2940,2013-05-28 14:22:00,1.9382580519,72.8603668213,107.9993057251,86.4077987671
TG2940,2013-05-28 14:27:00,1.1382319927,97.0523147583,65.7589874268,53.4297218323
TG2940,2013-05-28 14:32:00,0.6728010178,0,20,16.8039608002
TG2940,2013-05-28 14:37:00,0.6374400258,0,20,17.8326873779
TG2940,2013-05-28 14:42:00,0.8963189721,0,20,16.9859313965
TG2940,2013-05-28 14:47:00,1.3142290115,33.1019859314,104.1433258057,84.7055358887
TG2940,2013-05-28 14:52:00,1.2328159809,70.1011581421,73.9871520996,60.7807312012
TG2940,2013-05-28 14:57:00,1.1927800179,61.00182724,60.5095405579,49.6724014282
TG2940,2013-05-28 15:02:00,1.1591130495,35.5673942566,82.046546936,66.0147018433
TG2940,2013-05-28 15:07:00,1.4661259651,118.1689910889,80.2002487183,65.3476867676
TG2940,2013-05-28 15:12:00,1.8641680479,115.7990188599,121.0510940552,83.273223877
TG2940,2013-05-28 15:17:00,1.7691340446,74.7626571655,98.1797943115,80.4918823242
TG2940,2013-05-28 15:22:00,1.8647409678,105.4064941406,101.7922210693,82.4484558105
TG2940,2013-05-28 15:27:00,1.504881978,71.9960784912,77.8817596436,63.6046524048
TG2940,2013-05-28 15:32:00,1.2163959742,29.9286231995,55.8062973022,43.0502281189
TG2940,2013-05-28 15:37:00,0.7719150186,0,20,16.9824409485
TG2940,2013-05-28 15:42:00,0.4631640017,0,20,16.2412700653
TG2940,2013-05-28 15:47:00,0.4760549963,0,20,16.0739135742
TG2940,2013-05-28 15:52:00,0.4506079853,0,20,17.0074214935
TG2940,2013-05-28 15:57:00,0.7022740245,0,20,17.4172534943
TG2940,2013-05-28 16:02:00,0.9393749833,0,20,16.3396244049
TG2940,2013-05-28 16:07:00,1.3392560482,112.8455200195,63.2455940247,51.7511253357
TG2940,2013-05-28 16:12:00,1.6392519474,71.9417190552,103.4261703491,84.5175933838
TG2940,2013-05-28 16:17:00,1.8983559608,103.5256729126,133.3557891846,108.6191864014
TG2940,2013-05-28 16:22:00,1.7224680185,120.9623565674,137.6935577393,110.9499969482
TG2940,2013-05-28 16:27:00,1.5403319597,106.0255203247,109.7758483887,89.6042404175
TG2940,2013-05-28 16:32:00,1.0175100565,29.7563781738,31.1985244751,24.9745121002
TG2940,2013-05-28 16:37:00,0.9688659906,0,20,17.1519184113
TG2940,2013-05-28 16:42:00,1.0072009563,28.6515979767,91.8398742676,61.4783935547
TG2940,2013-05-28 16:47:00,1.4943900108,127.3769607544,102.6368942261,83.8817443848
TG2940,2013-05-28 16:52:00,1.7549220324,75.8933792114,128.1081237793,103.6475830078
TG2940,2013-05-28 16:57:00,1.9707599878,98.4743041992,111.307220459,89.9842529297
TG2940,2013-05-28 17:02:00,2.1572079659,139.2340545654,174.0877838135,141.1882629395
TG2940,2013-05-28 17:07:00,2.3683309555,96.3301620483,136.531036377,110.3381195068
TG2940,2013-05-28 17:12:00,2.2360599041,147.8473052979,142.9020385742,114.6846466064
TG2940,2013-05-28 17:17:00,2.0389690399,69.3445129395,138.729385376,111.7306900024
TG2940,2013-05-28 17:22:00,1.5483709574,136.1983337402,119.6410675049,96.5777664185
TG2940,2013-05-28 17:27:00,1.0617380142,30.6392612457,75.0355453491,61.3255310059
TG2940,2013-05-28 17:32:00,0.5713689923,0,20,16.280298233
TG2940,2013-05-28 17:37:00,0.5331590176,0,20,16.7375774384
TG2940,2013-05-28 17:42:00,0.8981230259,0,20,17.8319587708
TG2940,2013-05-28 17:47:00,1.4099719524,53.0848236084,116.5510940552,94.0215454102
TG2940,2013-05-28 17:52:00,1.8336410522,145.8648376465,117.6893768311,95.7325134277
TG2940,2013-05-28 17:57:00,2.2633779049,70.6170730591,180.3056335449,167.9221801758
TG2940,2013-05-28 18:02:00,2.2090499401,91.5842208862,149.9540557861,121.6542892456
TG2940,2013-05-28 18:07:00,2.2284169197,111.4742736816,134.4397125244,108.8983764648
TG2940,2013-05-28 18:12:00,1.8365069628,53.7703208923,118.3554840088,95.7963562012
TG2940,2013-05-28 18:17:00,1.9861799479,140.7537689209,120.0175094604,97.7269744873
TG2940,2013-05-28 18:22:00,2.1715838909,94.1656494141,136.7311859131,110.9347991943
TG2940,2013-05-28 18:27:00,2.8258740902,187.6017456055,170.5740966797,137.1056213379
TG2940,2013-05-28 18:32:00,2.9231219292,188.6943664551,209.885055542,169.0488433838
TG2940,2013-05-28 18:37:00,2.8831930161,160.3721466064,162.526260376,131.0707397461
TG2940,2013-05-28 18:42:00,2.7235159874,132.7300262451,180.1430206299,144.8750305176
TG2940,2013-05-28 18:47:00,3.0689580441,156.2437133789,197.3963623047,158.5799713135
TG2940,2013-05-28 18:52:00,3.5408630371,134.5947265625,178.376953125,142.9833221436
TG2940,2013-05-28 18:57:00,4.0673031807,188.2311706543,198.270614624,158.7093353271
TG2940,2013-05-28 19:02:00,4.4266271591,168.4476013184,215.3343963623,172.2994537354
TG2940,2013-05-28 19:07:00,4.6910271645,208.5891418457,219.975982666,211.4941558838
TG2940,2013-05-28 19:12:00,4.8975710869,188.7170410156,237.7135925293,191.3673553467
TG2940,2013-05-28 19:17:00,5.1566791534,198.7807617188,226.8588562012,182.8188323975
TG2940,2013-05-28 19:22:00,5.0621271133,233.4870300293,263.4662475586,212.6442565918
TG2940,2013-05-28 19:27:00,4.6098570824,205.6421966553,206.9025421143,166.157623291
TG2940,2013-05-28 19:32:00,4.1691679955,186.4284667969,208.7881317139,168.6584014893
TG2940,2013-05-28 19:37:00,4.1005058289,124.2939224243,230.3534545898,185.2301330566
TG2940,2013-05-28 19:42:00,4.4451398849,146.2665252686,220.0427246094,176.3936767578
TG2940,2013-05-28 19:47:00,4.9027690887,136.1721954346,278.2561950684,191.5623321533
TG2940,2013-05-28 19:52:00,4.9575181007,214.6422576904,264.1776123047,211.9003295898
TG2940,2013-05-28 19:57:00,4.9590859413,172.6848144531,267.6801147461,214.6071472168
TG2940,2013-05-28 20:02:00,4.9633059502,160.0546569824,222.7754669189,179.3351135254
TG2940,2013-05-28 20:07:00,5.2817549706,223.4093170166,254.3647155762,205.2309570312
TG2940,2013-05-28 20:12:00,5.6729388237,222.9390563965,289.4606628418,232.3824005127
TG2940,2013-05-28 20:17:00,5.9732580185,187.8830871582,289.004119873,233.0582122803
TG2940,2013-05-28 20:22:00,5.9218411446,230.7706604004,268.3639221191,216.0523376465
TG2940,2013-05-28 20:27:00,5.750316143,231.1751251221,237.567489624,190.8842163086
TG2940,2013-05-28 20:32:00,5.6252250671,189.6130218506,254.5861053467,205.008682251
TG2940,2013-05-28 20:37:00,5.9274702072,230.8400268555,269.0824279785,216.7985992432
TG2940,2013-05-28 20:42:00,6.2872200012,226.7050933838,260.3053283691,209.3243865967
TG2940,2013-05-28 20:47:00,6.5913910866,215.048248291,295.1217346191,237.4548339844
TG2940,2013-05-28 20:52:00,6.864757061,192.8347625732,307.1127319336,247.1860198975
TG2940,2013-05-28 20:57:00,7.2662739754,229.2825012207,286.3313598633,230.5032501221
TG2940,2013-05-28 21:02:00,7.7814211845,270.6084899902,310.6520080566,249.8469848633
TG2940,2013-05-28 21:07:00,7.8896799088,309.1836853027,331.3381958008,265.5661010742
TG2940,2013-05-28 21:12:00,7.9308199883,336.7660522461,279.7942504883,225.0012817383
TG2940,2013-05-28 21:17:00,7.7752079964,250.9368438721,316.2978820801,254.3137817383
TG2940,2013-05-28 21:22:00,7.9701509476,337.7705383301,321.813079834,257.8567504883
TG2940,2013-05-28 21:27:00,8.0112190247,403.7734069824,306.9258117676,245.586151123
TG2940,2013-05-28 21:32:00,7.7539958954,248.69140625,278.2339477539,223.7057189941
TG2940,2013-05-28 21:37:00,7.1837282181,286.2657470703,319.9909057617,257.489654541
TG2940,2013-05-28 21:42:00,6.7649250031,209.7859649658,294.149017334,237.1979370117
TG2940,2013-05-28 21:47:00,6.8492341042,184.3554840088,268.1702880859,215.1860351562
TG2940,2013-05-28 21:52:00,7.3766360283,294.9605712891,321.2268676758,258.4674072266
TG2940,2013-05-28 21:57:00,7.760037899,351.1169128418,298.6697387695,239.3577575684
TG2940,2013-05-28 22:02:00,7.6151819229,356.8687133789,269.9190979004,217.1531524658
TG2940,2013-05-28 22:07:00,7.429251194,234.6159210205,283.6800537109,227.5760955811
TG2940,2013-05-28 22:12:00,7.4413881302,389.4491271973,295.7325439453,237.5734405518
TG2940,2013-05-28 22:17:00,7.4639029503,294.6600036621,284.4131774902,229.1967163086
TG2940,2013-05-28 22:22:00,7.5518670082,379.020690918,305.3387756348,245.8405303955
TG2940,2013-05-28 22:27:00,7.5737299919,217.7655944824,314.1856079102,253.1445770264
TG2940,2013-05-28 22:32:00,7.5652108192,302.6974487305,287.4534606934,231.5930023193
TG2940,2013-05-28 22:37:00,7.3851480484,263.8834533691,310.0536804199,249.7364044189
TG2940,2013-05-28 22:42:00,6.8063521385,167.4438018799,303.2581787109,244.2752838135
TG2940,2013-05-28 22:47:00,6.6473808289,202.5364227295,279.4060058594,224.8150177002
TG2940,2013-05-28 22:52:00,6.5070338249,189.6946411133,306.2396850586,246.7616729736
TG2940,2013-05-28 22:57:00,6.3543858528,201.188293457,252.6121063232,203.056137085
TG2940,2013-05-28 23:02:00,6.3074097633,252.1523590088,282.5265808105,226.5054779053
TG2940,2013-05-28 23:07:00,6.2989439964,213.6531524658,295.2166137695,237.0932769775
TG2940,2013-05-28 23:12:00,6.6419858932,204.433883667,263.9170227051,212.5724334717
TG2940,2013-05-28 23:17:00,6.4750108719,256.694732666,267.6757507324,214.7411956787
TG2940,2013-05-28 23:22:00,5.9508309364,174.2029876709,239.8960723877,191.942779541
TG2940,2013-05-28 23:27:00,5.5320611,166.0823364258,235.9544067383,189.19190979
TG2940,2013-05-28 23:32:00,5.1071429253,228.0684051514,230.8292694092,186.4484710693
TG2940,2013-05-28 23:37:00,5.1599302292,184.7741851807,250.3182830811,201.8282623291
TG2940,2013-05-28 23:42:00,5.0816068649,197.4632110596,237.5693359375,191.5494384766
TG2940,2013-05-28 23:47:00,5.0618839264,183.9587097168,258.4137878418,208.5766601562
TG2940,2013-05-28 23:52:00,4.591586113,150.9557952881,241.3090820312,193.1520843506
TG2940,2013-05-28 23:57:00,4.1813030243,158.7766265869,199.7250213623,161.1572570801
TG2940,2013-05-29 00:02:00,4.0374751091,127.8304977417,205.1827392578,165.6379699707
TG2940,2013-05-29 00:07:00,3.8439269066,200.4879760742,232.0816497803,186.1802520752
TG2940,2013-05-29 00:12:00,3.7199110985,119.4729309082,189.8079986572,151.9301300049
TG2940,2013-05-29 00:17:00,3.7045049667,117.0238952637,193.6723632812,156.3282470703
TG2940,2013-05-29 00:22:00,3.698802948,119.2850494385,182.1494598389,146.2840423584
TG2940,2013-05-29 00:27:00,3.6522619724,200.8349456787,221.1886444092,177.2076568604
TG2940,2013-05-29 00:32:00,3.6068658829,130.0351104736,197.5780334473,159.8519439697
TG2940,2013-05-29 00:37:00,3.6309900284,157.9993286133,200.5036468506,197.3488616943
TG2940,2013-05-29 00:42:00,3.7098939419,112.381439209,226.6869506836,182.2728424072
TG2940,2013-05-29 00:47:00,3.7180199623,170.1200561523,237.0258789062,191.2473297119
TG2940,2013-05-29 00:52:00,4.1494369507,139.1301422119,202.148223877,163.4797973633
TG2940,2013-05-29 00:57:00,4.088947773,166.4016265869,197.1946105957,157.9065093994
TG2940,2013-05-29 01:02:00,3.6719539165,121.9593048096,198.2453155518,159.7844696045
TG2940,2013-05-29 01:07:00,3.1578099728,108.0699005127,184.3471832275,147.5558776855
TG2940,2013-05-29 01:12:00,2.6314530373,172.5630340576,146.0604095459,117.6795349121
TG2940,2013-05-29 01:17:00,2.6458029747,159.4577636719,154.1947937012,124.3601837158
TG2940,2013-05-29 01:22:00,2.6841990948,104.1386032104,183.036529541,148.3667297363
TG2940,2013-05-29 01:27:00,3.1452898979,180.4787902832,204.6201629639,164.4697570801
TG2940,2013-05-29 01:32:00,3.1236898899,109.0392150879,218.8240356445,175.282333374
TG2940,2013-05-29 01:37:00,3.0740749836,135.446472168,171.5859832764,138.5243530273
TG2940,2013-05-29 01:42:00,2.9961578846,107.9727478027,211.0746154785,170.7328338623
TG2940,2013-05-29 01:47:00,2.8558750153,178.2599487305,171.274017334,138.7997589111
TG2940,2013-05-29 01:52:00,2.8214039803,178.8189697266,190.0917053223,152.4722747803
TG2940,2013-05-29 01:57:00,2.747303009,110.9501647949,163.9926757812,132.4620819092
TG2940,2013-05-29 02:02:00,2.7426350117,92.5819396973,154.6745910645,125.3904418945
TG2940,2013-05-29 02:07:00,2.5870919228,173.4503631592,151.4701690674,122.279045105
TG2940,2013-05-29 02:12:00,2.4258220196,173.4398956299,140.9333953857,113.3588104248
TG2940,2013-05-29 02:17:00,2.583370924,148.3128051758,187.9325561523,151.5295715332
TG2940,2013-05-29 02:22:00,2.4144361019,130.0070495605,177.0280303955,141.7503662109
TG2940,2013-05-29 02:27:00,1.91197896,74.6888198853,155.2782592773,140.1395568848
TG2940,2013-05-29 02:32:00,1.5723890066,85.3899078369,127.0406036377,103.6088562012
TG2940,2013-05-29 02:37:00,1.6070619822,81.3642654419,118.0245056152,94.5442657471
TG2940,2013-05-29 02:42:00,2.1067359447,92.0265884399,134.7333831787,108.8337860107
TG2940,2013-05-29 02:47:00,2.5789859295,145.135055542,191.0311431885,153.0087432861
TG2940,2013-05-29 02:52:00,2.9717860222,93.2453079224,210.2858581543,168.5479125977
TG2940,2013-05-29 02:57:00,3.2934150696,110.6078567505,268.3195800781,170.6628265381
TG2940,2013-05-29 03:02:00,3.4873731136,147.4326629639,178.5148620605,143.2551269531
TG2940,2013-05-29 03:07:00,3.7451920509,182.1617126465,189.2864837646,151.9181060791
TG2940,2013-05-29 03:12:00,3.989579916,127.524055481,237.5752868652,190.9544219971
TG2940,2013-05-29 03:17:00,4.196149826,199.8584442139,255.0625762939,204.6257629395
TG2940,2013-05-29 03:22:00,4.5206131935,213.4797210693,248.0010070801,198.9336090088
TG2940,2013-05-29 03:27:00,4.8533248901,217.706451416,252.7849884033,203.5904693604
TG2940,2013-05-29 03:32:00,5.3731870651,198.5350799561,240.5933685303,193.6606750488
TG2940,2013-05-29 03:37:00,5.7161159515,181.5600128174,265.1690979004,213.1658630371
TG2940,2013-05-29 03:42:00,5.9734768867,160.7212982178,313.3576049805,193.1942596436
TG2940,2013-05-29 03:47:00,6.0159811974,206.7561798096,297.6805725098,238.9743804932
TG2940,2013-05-29 03:52:00,6.2160859108,229.1639709473,268.2426147461,264.1876525879
TG2940,2013-05-29 03:57:00,6.4058179855,247.3714752197,302.4250488281,242.7474822998
TG2940,2013-05-29 04:02:00,6.6622571945,227.2275390625,260.2925720215,210.0253448486
TG2940,2013-05-29 04:07:00,6.7833848,209.9690704346,289.6871337891,233.5177154541
TG2940,2013-05-29 04:12:00,6.6226181984,215.6749267578,262.8301696777,210.3292388916
TG2940,2013-05-29 04:17:00,6.1353797913,193.2424621582,306.292755127,230.3305664062
TG2940,2013-05-29 04:22:00,5.3032588959,189.4299163818,275.0837402344,221.8248596191
TG2940,2013-05-29 04:27:00,4.8932452202,184.2289581299,231.0109863281,185.6645812988
TG2940,2013-05-29 04:32:00,4.4662070274,193.0453186035,213.8426361084,171.9933166504
TG2940,2013-05-29 04:37:00,4.0512709618,162.9153442383,197.5306549072,158.5243225098
TG2940,2013-05-29 04:42:00,3.6556780338,168.0123291016,191.7805633545,153.450668335
TG2940,2013-05-29 04:47:00,3.7503859997,178.5908050537,206.6609649658,166.340927124
TG2940,2013-05-29 04:52:00,4.3126568794,162.7205200195,238.3587646484,190.7395019531
TG2940,2013-05-29 04:57:00,4.3950948715,169.8599395752,218.3614196777,175.5977172852
TG2940,2013-05-29 05:02:00,4.3043570518,157.4422912598,215.6415863037,173.3067779541
TG2940,2013-05-29 05:07:00,3.7833480835,143.3323364258,194.9046020508,157.3006591797
TG2940,2013-05-29 05:12:00,3.3222301006,159.6549530029,169.7478485107,136.3534240723
TG2940,2013-05-29 05:17:00,3.0061910152,170.9003753662,165.1681365967,132.1871032715
TG2940,2013-05-29 05:22:00,3.1609389782,171.9679260254,175.7063140869,141.6602172852
TG2940,2013-05-29 05:27:00,3.2463769913,188.7313690186,189.689453125,151.8442382812
TG2940,2013-05-29 05:32:00,2.9023358822,154.0177307129,181.8033905029,146.1114654541
TG2940,2013-05-29 05:37:00,2.4022119045,81.195022583,164.5468444824,133.0727233887
TG2940,2013-05-29 05:42:00,2.4361569881,169.4650115967,141.8898010254,113.5280685425
TG2940,2013-05-29 05:47:00,2.7068710327,162.768661499,146.678237915,139.5110168457
TG2940,2013-05-29 05:52:00,2.9531219006,131.798324585,166.4191894531,134.5606079102
TG2940,2013-05-29 05:57:00,3.0443139076,168.5355224609,169.4292907715,135.6334381104
TG2940,2013-05-29 06:02:00,3.2834351063,112.4026031494,205.3712768555,165.3253479004
TG2940,2013-05-29 06:07:00,3.5552918911,151.4130859375,234.258026123,201.5523681641
TG2940,2013-05-29 06:12:00,3.8041250706,140.2929382324,196.8807067871,158.0422210693
TG2940,2013-05-29 06:17:00,4.1242470741,214.025604248,222.8248138428,179.0199127197
TG2940,2013-05-29 06:22:00,4.4835128784,198.6800994873,211.2305908203,169.551574707
TG2940,2013-05-29 06:27:00,4.8410558701,158.2895507812,216.9503631592,174.3020782471
TG2940,2013-05-29 06:32:00,5.0954079628,142.2456512451,267.8740844727,214.4340209961
TG2940,2013-05-29 06:37:00,4.9179859161,168.9291381836,244.8683319092,196.5192108154
TG2940,2013-05-29 06:42:00,4.8324580193,194.7204437256,215.8193817139,173.0481262207
TG2940,2013-05-29 06:47:00,4.6595468521,186.2136077881,256.8589477539,206.4854278564
TG2940,2013-05-29 06:52:00,4.5311131477,197.0720977783,211.3759307861,170.3348846436
TG2940,2013-05-29 06:57:00,3.9707889557,168.9672241211,227.9091491699,183.2407226562
TG2940,2013-05-29 07:02:00,3.5253510475,122.8365402222,234.5987548828,188.0725860596
TG2940,2013-05-29 07:07:00,3.4613330364,153.2130279541,183.9234161377,147.487197876
TG2940,2013-05-29 07:12:00,3.7379388809,174.5149688721,220.14402771,177.6506958008
TG2940,2013-05-29 07:17:00,3.8905959129,172.9984893799,227.7670135498,182.3491363525
TG2940,2013-05-29 07:22:00,4.078810215,126.2553329468,234.7525482178,189.4499816895
TG2940,2013-05-29 07:27:00,3.9180049896,199.7460174561,202.3372192383,163.3943786621
TG2940,2013-05-29 07:32:00,3.8439280987,147.7600708008,225.2565155029,180.6831512451
TG2940,2013-05-29 07:37:00,3.6565220356,206.068572998,261.7601318359,185.4559936523
TG2940,2013-05-29 07:42:00,3.9221329689,185.3405609131,223.1202392578,179.2144622803
TG2940,2013-05-29 07:47:00,3.8351929188,149.1582794189,235.1072387695,188.1557769775
TG2940,2013-05-29 07:52:00,3.9498770237,176.3503875732,214.9483032227,191.0625915527
TG2940,2013-05-29 07:57:00,4.1088781357,151.5596618652,207.6292877197,167.5145263672
TG2940,2013-05-29 08:02:00,4.6482710838,140.5430297852,228.096206665,182.6579437256
TG2940,2013-05-29 08:07:00,4.6689171791,210.4479827881,249.1087646484,200.4807128906
TG2940,2013-05-29 08:12:00,4.7345452309,231.2126617432,261.0630493164,210.3238830566
TG2940,2013-05-29 08:17:00,4.6777691841,134.7025604248,227.0013580322,181.9273223877
TG2940,2013-05-29 08:22:00,4.9546232224,146.5220031738,249.2759857178,199.4591369629
TG2940,2013-05-29 08:27:00,4.7340669632,211.6594390869,259.3923950195,209.4466094971
TG2940,2013-05-29 08:32:00,4.2379460335,157.5797576904,240.0312194824,192.9361572266
TG2940,2013-05-29 08:37:00,3.8775959015,200.9737854004,193.7270812988,155.477142334
TG2940,2013-05-29 08:42:00,4.0138001442,149.3774719238,241.3848266602,222.5531768799
TG2940,2013-05-29 08:47:00,4.5398459435,185.149887085,245.6421661377,198.2875518799
TG2940,2013-05-29 08:52:00,4.9310469627,218.6106872559,265.0023498535,212.3532409668
TG2940,2013-05-29 08:57:00,5.2589812279,186.2189483643,250.3282318115,201.9195861816
TG2940,2013-05-29 09:02:00,5.6857748032,148.7107543945,242.8152770996,195.9618377686
TG2940,2013-05-29 09:07:00,6.2394280434,234.7241363525,283.0050048828,227.7625732422
TG2940,2013-05-29 09:12:00,6.3123998642,242.4691467285,260.869934082,209.7908782959
TG2940,2013-05-29 09:17:00,6.2215738297,171.7054595947,261.619140625,209.9353179932
TG2940,2013-05-29 09:22:00,6.1689047813,197.3537902832,252.3552246094,202.6020507812
TG2940,2013-05-29 09:27:00,6.547287941,185.5677032471,265.8292541504,213.6644592285
TG2940,2013-05-29 09:32:00,6.5651340485,246.0028076172,255.7720489502,205.2228851318
TG2940,2013-05-29 09:37:00,6.1176691055,191.7593231201,258.6819152832,208.6568145752
TG2940,2013-05-29 09:42:00,5.2845621109,145.9371032715,313.0057373047,207.5354309082
TG2940,2013-05-29 09:47:00,4.4730920792,178.6902770996,254.4556121826,204.8273162842
TG2940,2013-05-29 09:52:00,3.9830551147,130.604598999,206.3210601807,195.247543335
TG2940,2013-05-29 09:57:00,3.7847568989,175.8683013916,206.0486602783,165.317199707
TG2940,2013-05-29 10:02:00,3.6173648834,205.7825469971,203.5698699951,163.070602417
TG2940,2013-05-29 10:07:00,3.4660589695,189.073425293,222.8339996338,178.9348297119
TG2940,2013-05-29 10:12:00,3.3543078899,187.9047546387,173.1222686768,139.0075073242
TG2940,2013-05-29 10:17:00,3.5893599987,109.6239395142,199.3815612793,160.2631530762
TG2940,2013-05-29 10:22:00,3.9219009876,136.6559753418,225.6976776123,182.1336669922
TG2940,2013-05-29 10:27:00,4.2347979546,188.9217071533,234.669342041,189.6727752686
TG2940,2013-05-29 10:32:00,4.6761679649,212.3913726807,219.4363250732,175.9014282227
TG2940,2013-05-29 10:37:00,5.066213131,204.7670440674,224.5443572998,180.7671966553
TG2940,2013-05-29 10:42:00,5.0881929398,139.7880859375,270.1260375977,217.1679840088
TG2940,2013-05-29 10:47:00,4.591550827,225.4050292969,266.0143432617,245.4217681885
TG2940,2013-05-29 10:52:00,4.2002148628,251.7483520508,227.7634887695,183.7615661621
TG2940,2013-05-29 10:57:00,3.8652279377,121.3518600464,199.4365081787,160.9503479004
TG2940,2013-05-29 11:02:00,3.9345719814,194.5278015137,192.6100616455,154.5983581543
TG2940,2013-05-29 11:07:00,3.9026539326,208.8178863525,239.3082885742,191.9209289551
TG2940,2013-05-29 11:12:00,4.274116993,136.3635406494,257.5953979492,206.2141265869
TG2940,2013-05-29 11:17:00,4.6287741661,220.7864074707,240.338104248,193.246673584
TG2940,2013-05-29 11:22:00,4.589381218,183.4504547119,260.8868408203,209.601272583
TG2940,2013-05-29 11:27:00,4.4303398132,200.1127471924,240.8838806152,194.3515625
TG2940,2013-05-29 11:32:00,3.9261920452,212.263458252,216.30027771,173.163269043
TG2940,2013-05-29 11:37:00,3.8754849434,185.3598175049,206.3771362305,165.6492004395
TG2940,2013-05-29 11:42:00,3.9926540852,138.3378143311,208.2249755859,168.5020141602
TG2940,2013-05-29 11:47:00,4.4479107857,179.9384918213,257.3192443848,206.2505340576
TG2940,2013-05-29 11:52:00,4.7902407646,201.8879394531,264.4116210938,213.1141052246
TG2940,2013-05-29 11:57:00,5.1703128815,227.7977294922,255.5132904053,204.6921386719
TG2940,2013-05-29 12:02:00,5.1542367935,166.766998291,261.8169250488,210.3925933838
TG2940,2013-05-29 12:07:00,5.2254509926,178.8787841797,251.7621612549,201.4786224365
TG2940,2013-05-29 12:12:00,5.0864257812,182.5874786377,241.7750244141,194.8403320312
TG2940,2013-05-29 12:17:00,5.2814340591,239.8813018799,280.4559936523,225.3663482666
TG2940,2013-05-29 12:22:00,5.4693379402,213.2511901855,241.3969116211,194.0138092041
TG2940,2013-05-29 12:27:00,5.7140440941,205.7391815186,270.590637207,217.8298034668
TG2940,2013-05-29 12:32:00,6.0746941566,239.138885498,288.617767334,231.7941589355
TG2940,2013-05-29 12:37:00,6.5122728348,173.6429443359,274.5232849121,220.7336578369
TG2940,2013-05-29 12:42:00,6.9924240112,234.3765411377,296.9585571289,238.5016326904
TG2940,2013-05-29 12:47:00,7.0856080055,339.3406677246,301.8428955078,241.7921905518
TG2940,2013-05-29 12:52:00,7.0628261566,207.1616821289,265.2518310547,212.558883667
TG2940,2013-05-29 12:57:00,7.0146408081,202.2116546631,306.3129272461,246.6426086426
TG2940,2013-05-29 13:02:00,6.8797278404,259.998840332,295.7864379883,238.3765869141
TG2940,2013-05-29 13:07:00,6.6410322189,208.6483001709,299.9786987305,240.1464538574
TG2940,2013-05-29 13:12:00,6.4671587944,237.5984191895,313.980682373,238.4510040283
TG2940,2013-05-29 13:17:00,6.7867631912,171.0335693359,303.3737792969,242.9888763428
TG2940,2013-05-29 13:22:00,6.8042201996,237.2619781494,285.8155212402,229.6081085205
TG2940,2013-05-29 13:27:00,6.4127030373,255.5598449707,293.7633056641,236.1646270752
TG2940,2013-05-29 13:32:00,6.0671157837,176.290435791,246.1327209473,198.719833374
TG2940,2013-05-29 13:37:00,6.2222919464,159.4540710449,256.8108215332,207.1492004395
TG2940,2013-05-29 13:42:00,6.3932328224,249.5757751465,264.2239685059,212.1149139404
TG2940,2013-05-29 13:47:00,6.1127882004,168.8376464844,294.1187438965,236.708114624
TG2940,2013-05-29 13:52:00,5.8484511375,185.7924957275,254.816619873,204.877243042
TG2940,2013-05-29 13:57:00,5.9722671509,197.2042236328,257.5939025879,207.0859832764
TG2940,2013-05-29 14:02:00,6.476899147,216.5827178955,289.0483398438,209.1368865967
TG2940,2013-05-29 14:07:00,6.465294838,235.6306610107,298.0366821289,238.7263793945
TG2940,2013-05-29 14:12:00,5.9963259697,251.958480835,285.4671020508,228.9549713135
TG2940,2013-05-29 14:17:00,5.4707531929,231.7710418701,235.120513916,189.2019195557
TG2940,2013-05-29 14:22:00,5.2547450066,197.1791992188,278.0947265625,223.7305297852
TG2940,2013-05-29 14:27:00,5.4725351334,224.8787231445,279.8099365234,224.7158508301
TG2940,2013-05-29 14:32:00,5.8313040733,184.3400726318,282.6467285156,227.7408599854
TG2940,2013-05-29 14:37:00,6.2712278366,171.6920166016,244.2324981689,195.9582366943
TG2940,2013-05-29 14:42:00,6.6161179543,252.8935699463,326.2109069824,231.8631439209
TG2940,2013-05-29 14:47:00,6.4128961563,192.7009124756,295.947052002,236.8424682617
TG2940,2013-05-29 14:52:00,6.339471817,184.9824523926,270.3670959473,217.4762115479
TG2940,2013-05-29 14:57:00,6.3808531761,249.9977264404,290.3771972656,234.0262451172
TG2940,2013-05-29 15:02:00,6.507953167,249.7660064697,280.3129272461,225.770111084
TG2940,2013-05-29 15:07:00,6.4413528442,218.2663574219,302.6604614258,242.6390838623
TG2940,2013-05-29 15:12:00,6.4646492004,243.4914703369,284.9042663574,229.5147399902
TG2940,2013-05-29 15:17:00,6.4838662148,181.5795288086,291.1834716797,233.348236084
TG2940,2013-05-29 15:22:00,6.6165418625,215.1123809814,304.5825805664,245.0564117432
TG2940,2013-05-29 15:27:00,6.670083046,247.3028564453,288.7217712402,231.4741821289
TG2940,2013-05-29 15:32:00,7.0489740372,249.163482666,294.75390625,237.4003448486
TG2940,2013-05-29 15:37:00,7.3122987747,324.9832763672,301.1368713379,242.5742492676
TG2940,2013-05-29 15:42:00,7.4942798615,345.8760681152,288.9256896973,231.7796630859
TG2940,2013-05-29 15:47:00,7.6530418396,244.6366882324,324.8949279785,261.6706237793
TG2940,2013-05-29 15:52:00,7.8217358589,290.3030700684,285.0654296875,228.1033935547
TG2940,2013-05-29 15:57:00,8.0252399445,232.6460266113,289.0408325195,297.8891296387
TG2940,2013-05-29 16:02:00,8.3367128372,262.7793273926,289.6019897461,233.3188476562
TG2940,2013-05-29 16:07:00,8.2920856476,275.6968078613,280.3364562988,225.4497070312
TG2940,2013-05-29 16:12:00,8.2192087173,290.4723510742,318.8651428223,255.7936248779
TG2940,2013-05-29 16:17:00,8.1241025925,318.693939209,310.793182373,272.4566650391
TG2940,2013-05-29 16:22:00,8.5456991196,297.3038635254,319.8382873535,257.8264770508
TG2940,2013-05-29 16:27:00,8.9911842346,376.1561584473,325.9290466309,261.6807556152
TG2940,2013-05-29 16:32:00,9.4683704376,286.2113647461,349.0754394531,280.3195495605
TG2940,2013-05-29 16:37:00,9.4166822433,343.2586669922,345.5487060547,277.0536804199
TG2940,2013-05-29 16:42:00,9.377743721,287.9873962402,300.225402832,242.0472106934
TG2940,2013-05-29 16:47:00,9.3060264587,409.4016113281,340.7061157227,273.9827270508
TG2940,2013-05-29 16:52:00,9.2488746643,272.8043212891,315.2722473145,253.9833526611
TG2940,2013-05-29 16:57:00,9.1105146408,345.9297485352,332.1135864258,265.9694519043
TG2940,2013-05-29 17:02:00,8.5527439117,276.1959228516,327.5413818359,263.1070251465
TG2940,2013-05-29 17:07:00,8.324514389,327.8250732422,311.3085021973,250.3822784424
TG2940,2013-05-29 17:12:00,8.243844986,217.1734924316,317.4271850586,234.954574585
TG2940,2013-05-29 17:17:00,8.5522861481,361.3267822266,326.2605895996,262.1345825195
TG2940,2013-05-29 17:22:00,8.8889741898,329.1465148926,331.3930358887,265.4306335449
TG2940,2013-05-29 17:27:00,9.2393245697,389.1535644531,297.2951660156,239.1626281738
TG2940,2013-05-29 17:32:00,9.1711921692,397.0726318359,349.0704040527,279.3969726562
TG2940,2013-05-29 17:37:00,8.7648887634,263.2943725586,284.1241149902,227.4733428955
TG2940,2013-05-29 17:42:00,7.8878388405,367.7256164551,272.1686706543,219.1039276123
TG2940,2013-05-29 17:47:00,6.9810090065,210.4870147705,283.2961730957,218.4579620361
TG2940,2013-05-29 17:52:00,6.0363807678,186.1122741699,283.2350158691,228.5589141846
TG2940,2013-05-29 17:57:00,5.5829401016,157.698425293,289.5738220215,232.7443237305
TG2940,2013-05-29 18:02:00,5.6898999214,231.8089141846,275.3570251465,222.1198120117
TG2940,2013-05-29 18:07:00,5.8700680733,248.5184783936,266.3267211914,214.454208374
TG2940,2013-05-29 18:12:00,5.8985161781,184.0446777344,274.3047790527,219.5396118164
TG2940,2013-05-29 18:17:00,5.8197331429,190.4921417236,253.9185028076,205.0803527832
TG2940,2013-05-29 18:22:00,6.22103405,231.4671173096,243.8503112793,195.6071624756
TG2940,2013-05-29 18:27:00,6.6018061638,245.0012207031,303.5122070312,243.8142700195
TG2940,2013-05-29 18:32:00,6.5564198494,246.3492584229,306.5301208496,245.877822876
TG2940,2013-05-29 18:37:00,6.3373060226,200.7521820068,257.9844970703,207.3236694336
TG2940,2013-05-29 18:42:00,5.7943849564,152.4929351807,279.4885253906,223.776763916
TG2940,2013-05-29 18:47:00,5.243927002,202.3034820557,266.0653076172,213.1987304688
TG2940,2013-05-29 18:52:00,4.3581900597,202.9980926514,205.1791381836,164.7114868164
TG2940,2013-05-29 18:57:00,3.7703158855,186.4030456543,230.653137207,185.6943969727
TG2940,2013-05-29 19:02:00,3.2104918957,190.0702362061,175.4205627441,142.2041778564
TG2940,2013-05-29 19:07:00,3.0813210011,136.4009552002,194.1689300537,156.665512085
TG2940,2013-05-29 19:12:00,2.9502279758,161.167388916,173.9903564453,140.8855895996
TG2940,2013-05-29 19:17:00,2.8170928955,176.0001831055,151.6227874756,121.4321136475
TG2940,2013-05-29 19:22:00,2.2733960152,75.8506393433,157.4096832275,127.5992507935
TG2940,2013-05-29 19:27:00,1.7965810299,119.2372741699,118.6834487915,95.493057251
TG2940,2013-05-29 19:32:00,1.3231999874,68.4919891357,96.3847198486,78.205116272
TG2940,2013-05-29 19:37:00,1.178055048,57.1496353149,95.8664932251,76.7320251465
TG2940,2013-05-29 19:42:00,0.7161470056,0,20,17.714799881
TG2940,2013-05-29 19:47:00,0.5983549953,0,20,17.7163524628
TG2940,2013-05-29 19:52:00,0.4215170145,0,20,17.9849872589
TG2940,2013-05-29 19:57:00,0.4685229957,0,20,16.5822982788
TG2940,2013-05-29 20:02:00,0.4551259875,0,20,17.2157287598
TG2940,2013-05-29 20:07:00,0.424793005,0,20,17.4703044891
TG2940,2013-05-29 20:12:00,0.5876730084,0,20,16.2236156464
TG2940,2013-05-29 20:17:00,0.4548600018,0,20,16.082698822
TG2940,2013-05-29 20:22:00,0.6083449721,0,20,16.576675415
TG2940,2013-05-29 20:27:00,0.7521049976,0,20,17.3756370544
TG2940,2013-05-29 20:32:00,1.3718589544,32.3961906433,110.8723144531,90.1025085449
TG2940,2013-05-29 20:37:00,1.7828799486,125.8379364014,111.4682693481,90.8968582153
TG2940,2013-05-29 20:42:00,2.216146946,110.1066436768,148.6786346436,120.9158554077
TG2940,2013-05-29 20:47:00,2.2143890858,153.1058044434,165.3526306152,133.2281799316
TG2940,2013-05-29 20:52:00,1.8194160461,109.3215332031,112.1276092529,89.7297515869
TG2940,2013-05-29 20:57:00,0.9650850296,0,20.1741924286,16.8027629852
TG2940,2013-05-29 21:02:00,0.4011009932,0,20,17.5722866058
TG2940,2013-05-29 21:07:00,0.2980610132,0,20,17.8835525513
TG2940,2013-05-29 21:12:00,0.3679960072,0,20,22.6796379089
TG2940,2013-05-29 21:17:00,0.4552710056,0,20,16.0986061096
TG2940,2013-05-29 21:22:00,0.5825330019,0,20,17.9395904541
TG2940,2013-05-29 21:27:00,0.5573260188,0,20,16.2517337799
TG2940,2013-05-29 21:32:00,0.6351799965,0,20,17.9650344849
TG2940,2013-05-29 21:37:00,0.6172540188,0,20,16.6815299988
TG2940,2013-05-29 21:42:00,0.5482109785,0,20,16.6204147339
TG2940,2013-05-29 21:47:00,0.6227049828,0,20,16.5194587708
TG2940,2013-05-29 21:52:00,0.712816,0,20,16.6165542603
TG2940,2013-05-29 21:57:00,0.8222669959,0,20,16.3115901947
TG2940,2013-05-29 22:02:00,0.6310120225,0,20,16.6052398682
TG2940,2013-05-29 22:07:00,0.4315760136,0,20,16.6874084473
TG2940,2013-05-29 22:12:00,0.523894012,0,20,17.5281047821
TG2940,2013-05-29 22:17:00,0.7802540064,0,20,17.8716831207
TG2940,2013-05-29 22:22:00,1.1779780388,80.850730896,48.6884803772,39.1286354065
TG2940,2013-05-29 22:27:00,1.7361500263,101.4644851685,118.2436065674,95.9209671021
TG2940,2013-05-29 22:32:00,2.2867860794,180.9214477539,147.1535491943,119.6058044434
TG2940,2013-05-29 22:37:00,2.8213179111,104.1592330933,153.4905853271,124.4291000366
TG2940,2013-05-29 22:42:00,3.335310936,151.4480895996,209.1485290527,167.826751709
TG2940,2013-05-29 22:47:00,3.7494029999,178.6247711182,201.67628479,161.9635009766
TG2940,2013-05-29 22:52:00,3.9684970379,131.8034973145,243.4291534424,194.978805542
TG2940,2013-05-29 22:57:00,4.0775508881,122.3457336426,233.6962432861,188.3249816895
TG2940,2013-05-29 23:02:00,3.835973978,213.5284729004,231.4804840088,186.3876037598
TG2940,2013-05-29 23:07:00,3.2625939846,104.1771621704,274.656463623,174.538192749
TG2940,2013-05-29 23:12:00,2.8378379345,92.9986953735,175.041809082,141.2778015137
TG2940,2013-05-29 23:17:00,2.7866780758,100.5470809937,180.4794921875,145.6111602783
TG2940,2013-05-29 23:22:00,3.0560700893,135.9870300293,170.0092926025,136.9478149414
TG2940,2013-05-29 23:27:00,3.1756589413,190.9805450439,194.5926513672,157.2666473389
TG2940,2013-05-29 23:32:00,2.950717926,125.8249511719,178.5798034668,142.9343109131
TG2940,2013-05-29 23:37:00,2.4150879383,87.9218139648,182.0521850586,146.8670959473
TG2940,2013-05-29 23:42:00,2.0422968864,99.1694259644,166.2685546875,133.632522583
TG2940,2013-05-29 23:47:00,1.6940699816,107.1709594727,131.7424163818,105.9879302979
TG2940,2013-05-29 23:52:00,1.3358039856,94.7768936157,102.3456878662,83.6702270508
TG2940,2013-05-29 23:57:00,0.8282889724,0,20,16.5905361176
TG2940,2013-05-30 00:02:00,0.421250999,0,20,16.3091049194
TG2940,2013-05-30 00:07:00,0.4454729855,0,20,16.6959972382
TG2940,2013-05-30 00:12:00,0.4792720079,0,20,16.7745399475
TG2940,2013-05-30 00:17:00,0.6986770034,0,20,17.6479415894
TG2940,2013-05-30 00:22:00,0.8438140154,0,20,16.5637645721
TG2940,2013-05-30 00:27:00,1.0047659874,33.458984375,55.0200004578,45.6119270325
TG2940,2013-05-30 00:32:00,1.1795669794,60.3262138367,83.8165588379,67.5045394897
TG2940,2013-05-30 00:37:00,1.3339760303,39.0861968994,114.6639709473,92.8449172974
TG2940,2013-05-30 00:42:00,1.603085041,88.5410308838,99.8764801025,81.8555145264
TG2940,2013-05-30 00:47:00,2.0176210403,74.7146453857,147.7710571289,119.8960189819
TG2940,2013-05-30 00:52:00,2.5733850002,107.1732940674,165.0099487305,133.5125579834
TG2940,2013-05-30 00:57:00,2.9363811016,191.3993988037,199.6620635986,160.9116973877
TG2940,2013-05-30 01:02:00,3.1250889301,144.6597747803,170.6639709473,137.01902771
TG2940,2013-05-30 01:07:00,3.3500430584,117.9875717163,206.5519714355,167.1568908691
TG2940,2013-05-30 01:12:00,3.7292881012,157.1467590332,231.5228729248,187.155456543
TG2940,2013-05-30 01:17:00,4.221244812,200.5919647217,253.4983825684,245.2180786133
TG2940,2013-05-30 01:22:00,4.598110199,159.5177764893,239.4395294189,191.7460784912
TG2940,2013-05-30 01:27:00,5.0117201805,146.9717254639,254.0932312012,203.9362030029
TG2940,2013-05-30 01:32:00,5.0471529961,185.7471923828,226.995300293,183.4894104004
TG2940,2013-05-30 01:37:00,4.7211108208,214.433807373,210.0805206299,169.274520874
TG2940,2013-05-30 01:42:00,4.238904953,181.9161376953,228.9577178955,184.1468963623
TG2940,2013-05-30 01:47:00,3.7299079895,163.5729217529,219.3398742676,177.2649383545
TG2940,2013-05-30 01:52:00,3.1932160854,158.2043914795,196.2447662354,157.2196960449
TG2940,2013-05-30 01:57:00,2.8288199902,114.2577285767,191.7878875732,155.2831878662
TG2940,2013-05-30 02:02:00,2.8682711124,90.0528411865,165.608001709,132.5025024414
TG2940,2013-05-30 02:07:00,2.9433410168,154.4767608643,188.8644104004,151.3694610596
TG2940,2013-05-30 02:12:00,2.5601010323,130.3611450195,193.1237182617,202.7262115479
TG2940,2013-05-30 02:17:00,2.0883920193,124.5120162964,170.4125671387,136.8750457764
TG2940,2013-05-30 02:22:00,1.5764119625,72.7542648315,104.1515655518,84.908203125
TG2940,2013-05-30 02:27:00,1.3308320045,58.4853477478,99.8310470581,81.1910400391
TG2940,2013-05-30 02:32:00,1.1598180532,42.8041992188,69.9775238037,56.6416435242
TG2940,2013-05-30 02:37:00,1.0299910307,84.5928268433,38.6261062622,31.9140815735
TG2940,2013-05-30 02:42:00,0.9076910019,0,20,17.8298988342
TG2940,2013-05-30 02:47:00,0.8648899794,0,20,16.1527824402
TG2940,2013-05-30 02:52:00,1.3181209564,28.9226989746,84.3862533569,68.2434082031
TG2940,2013-05-30 02:57:00,1.834100008,102.1038742065,146.3812255859,119.0281982422
TG2940,2013-05-30 03:02:00,2.1724851131,79.6398239136,155.3363494873,125.2492675781
TG2940,2013-05-30 03:07:00,2.4983820915,146.905456543,162.5995178223,131.5147247314
TG2940,2013-05-30 03:12:00,2.445152998,137.1693572998,186.2702178955,149.2956085205
TG2940,2013-05-30 03:17:00,2.0873069763,66.1232528687,153.1091461182,123.3863525391
TG2940,2013-05-30 03:22:00,1.6270639896,113.4539642334,120.3785095215,98.0360565186
TG2940,2013-05-30 03:27:00,1.6642570496,106.9299697876,115.7466964722,93.3381652832
TG2940,2013-05-30 03:32:00,1.6650929451,77.2460098267,135.2376098633,108.4200592041
TG2940,2013-05-30 03:37:00,1.2937810421,26.8181285858,91.2440490723,73.6346359253
TG2940,2013-05-30 03:42:00,0.9092670083,0,20,16.8695716858
TG2940,2013-05-30 03:47:00,1.0366209745,91.0616531372,75.9769668579,50.5179595947
TG2940,2013-05-30 03:52:00,1.5660860538,47.9539222717,103.1814804077,82.6832199097
TG2940,2013-05-30 03:57:00,2.0130159855,97.3229293823,117.2254486084,94.3073730469
TG2940,2013-05-30 04:02:00,2.2868230343,128.6982269287,127.8930282593,103.6698074341
TG2940,2013-05-30 04:07:00,2.5591740608,138.2465209961,183.0208892822,147.3008575439
TG2940,2013-05-30 04:12:00,2.8857951164,134.2400512695,169.3868103027,136.1654510498
TG2940,2013-05-30 04:17:00,3.3359730244,120.2946472168,192.9737548828,155.4989318848
TG2940,2013-05-30 04:22:00,3.8610169888,171.9201965332,197.6372375488,159.5685577393
TG2940,2013-05-30 04:27:00,4.3604550362,194.9903411865,232.8032989502,186.6267242432
TG2940,2013-05-30 04:32:00,4.8333768845,186.188659668,252.9235229492,203.1689147949
TG2940,2013-05-30 04:37:00,4.8530321121,150.5997314453,258.0696716309,207.5267791748
TG2940,2013-05-30 04:42:00,4.7611308098,203.0456237793,226.3464202881,182.2867279053
TG2940,2013-05-30 04:47:00,4.6563310623,161.9085235596,224.0453186035,181.1783294678
TG2940,2013-05-30 04:52:00,4.9229660034,201.5300750732,234.1331329346,237.41796875
TG2940,2013-05-30 04:57:00,4.8678212166,147.9539031982,269.8870239258,216.6547546387
TG2940,2013-05-30 05:02:00,4.4586949348,184.4610595703,231.1627044678,185.2062225342
TG2940,2013-05-30 05:07:00,4.1163787842,161.1292877197,220.4728240967,178.0410919189
TG2940,2013-05-30 05:12:00,4.1253151894,193.2998962402,231.6290893555,185.7080688477
TG2940,2013-05-30 05:17:00,4.3942909241,138.3437194824,245.1903839111,196.9195861816
TG2940,2013-05-30 05:22:00,4.4817028046,207.6886291504,232.7864532471,186.4908294678
TG2940,2013-05-30 05:27:00,4.6357851028,183.6286621094,221.0378417969,178.1381225586
TG2940,2013-05-30 05:32:00,4.5148048401,190.1976165771,246.2336578369,197.4456176758
TG2940,2013-05-30 05:37:00,4.4482851028,190.6730957031,206.3649291992,166.9303131104
TG2940,2013-05-30 05:42:00,4.342151165,196.2721862793,223.1034240723,180.0897827148
TG2940,2013-05-30 05:47:00,4.2517781258,204.7631530762,212.3216094971,171.7670288086
TG2940,2013-05-30 05:52:00,4.1862130165,151.7389831543,217.7340087891,174.6031341553
TG2940,2013-05-30 05:57:00,4.1725621223,208.667678833,213.6255645752,172.7721862793
TG2940,2013-05-30 06:02:00,4.4018330574,154.2389526367,246.3477020264,243.3927459717
TG2940,2013-05-30 06:07:00,4.7206711769,207.6216125488,212.3765411377,171.5277099609
TG2940,2013-05-30 06:12:00,5.0274209976,214.5548858643,291.6352844238,217.8790588379
TG2940,2013-05-30 06:17:00,5.5149359703,163.8767700195,284.7629089355,228.0978393555
TG2940,2013-05-30 06:22:00,5.5077152252,205.5798492432,251.236328125,201.4057312012
TG2940,2013-05-30 06:27:00,5.5547070503,229.4083251953,237.9167633057,192.0417327881
TG2940,2013-05-30 06:32:00,5.6279878616,153.7803955078,246.5889434814,198.6496276855
TG2940,2013-05-30 06:37:00,6.0754561424,251.0822296143,256.6442260742,205.5863647461
TG2940,2013-05-30 06:42:00,6.3606290817,209.206161499,265.2661743164,214.1050567627
TG2940,2013-05-30 06:47:00,6.4385638237,255.4952850342,264.0099182129,212.7047271729
TG2940,2013-05-30 06:52:00,6.6461091042,178.2976379395,310.6039428711,249.8600921631
TG2940,2013-05-30 06:57:00,6.9538998604,188.8731384277,257.2305908203,206.5009765625
TG2940,2013-05-30 07:02:00,7.3958559036,255.3819580078,314.831237793,252.0901489258
TG2940,2013-05-30 07:07:00,7.8150367737,399.0531005859,293.353729248,235.2835083008
TG2940,2013-05-30 07:12:00,8.217675209,366.160949707,316.4641723633,254.8526306152
TG2940,2013-05-30 07:17:00,8.1760349274,235.9878234863,327.2456054688,262.9901428223
TG2940,2013-05-30 07:22:00,8.0377750397,272.9196472168,310.6078796387,249.4141998291
TG2940,2013-05-30 07:27:00,7.9456892014,386.3062744141,275.5565185547,220.8560028076
TG2940,2013-05-30 07:32:00,7.8802800179,347.7504882812,331.1978759766,265.3767700195
TG2940,2013-05-30 07:37:00,7.5080389977,234.0645294189,316.2234191895,253.8589477539
TG2940,2013-05-30 07:42:00,7.122220993,205.1429748535,284.7626647949,229.5171661377
TG2940,2013-05-30 07:47:00,7.059440136,296.4822692871,280.1617431641,224.6079101562
TG2940,2013-05-30 07:52:00,7.2495827675,359.9695129395,281.3726501465,226.0444030762
TG2940,2013-05-30 07:57:00,7.3592391014,282.7252197266,322.2893981934,258.8240966797
TG2940,2013-05-30 08:02:00,7.5408620834,283.6339416504,271.1227416992,217.5414428711
TG2940,2013-05-30 08:07:00,7.7240409851,239.8308868408,273.1472167969,219.3500061035
TG2940,2013-05-30 08:12:00,8.0510587692,369.4504089355,307.1484375,247.5530548096
TG2940,2013-05-30 08:17:00,7.9440197945,384.0823364258,286.3480529785,229.6564941406
TG2940,2013-05-30 08:22:00,7.9796190262,392.4648742676,307.5575561523,247.2087402344
TG2940,2013-05-30 08:27:00,7.8530359268,290.9610290527,320.3307495117,256.329284668
TG2940,2013-05-30 08:32:00,7.8074579239,289.2244262695,326.9326171875,263.1047363281
TG2940,2013-05-30 08:37:00,7.2794981003,380.1472473145,269.8927001953,217.7266693115
TG2940,2013-05-30 08:42:00,6.3899021149,171.6353149414,288.5816040039,278.0012817383
TG2940,2013-05-30 08:47:00,5.8888611794,248.2606964111,270.3675842285,216.4625701904
TG2940,2013-05-30 08:52:00,5.7430939674,173.9156494141,287.7928771973,230.4761505127
TG2940,2013-05-30 08:57:00,6.129278183,200.6420440674,286.1146850586,229.6095733643
TG2940,2013-05-30 09:02:00,6.5530900955,182.9175262451,275.8130187988,220.7996063232
TG2940,2013-05-30 09:07:00,6.6984910965,189.0979919434,278.9646911621,224.1443023682
TG2940,2013-05-30 09:12:00,6.8274559975,166.6187744141,275.1002502441,221.3394470215
TG2940,2013-05-30 09:17:00,6.7794909477,235.2253875732,290.6109313965,233.8750915527
TG2940,2013-05-30 09:22:00,7.059240818,265.1676940918,272.5971679688,226.1121826172
TG2940,2013-05-30 09:27:00,7.3349490166,214.4934539795,280.380279541,225.4238128662
TG2940,2013-05-30 09:32:00,7.6796340942,370.8883361816,290.2727661133,233.8148345947
TG2940,2013-05-30 09:37:00,8.1073560715,353.9554443359,295.313293457,236.3391418457
TG2940,2013-05-30 09:42:00,8.0260019302,272.9001159668,330.5081481934,266.2046813965
TG2940,2013-05-30 09:47:00,7.8838100433,275.1301269531,283.2579345703,226.6083679199
TG2940,2013-05-30 09:52:00,7.6337628365,357.8212890625,292.6800537109,235.024887085
TG2940,2013-05-30 09:57:00,7.7829728127,227.9345092773,278.9006958008,224.5724639893
TG2940,2013-05-30 10:02:00,8.1447753906,317.6619262695,333.5653991699,267.8381958008
TG2940,2013-05-30 10:07:00,8.4946556091,397.9261779785,296.0769348145,237.1297302246
TG2940,2013-05-30 10:12:00,8.7810258865,360.9349975586,285.4468078613,228.5880126953
TG2940,2013-05-30 10:17:00,8.5710010529,495.2146606445,286.4364013672,229.206817627
TG2940,2013-05-30 10:22:00,8.4254741669,229.1239929199,325.4652099609,261.4469604492
TG2940,2013-05-30 10:27:00,8.3942956924,412.5352783203,326.1930541992,262.2715454102
TG2940,2013-05-30 10:32:00,8.6319007874,442.563079834,289.7274780273,232.8181304932
TG2940,2013-05-30 10:37:00,8.981678009,440.6589660645,334.244354248,268.2507019043
TG2940,2013-05-30 10:42:00,9.4293346405,392.5375976562,308.9605712891,247.6268005371
TG2940,2013-05-30 10:47:00,9.9329633713,396.4145507812,304.0758361816,244.2132568359
TG2940,2013-05-30 10:52:00,9.9670629501,368.6462402344,330.3590087891,264.5633850098
TG2940,2013-05-30 10:57:00,9.9088001251,346.8965148926,352.0466308594,282.106262207
TG2940,2013-05-30 11:02:00,9.9146509171,317.0257873535,354.358001709,362.1618652344
TG2940,2013-05-30 11:07:00,9.9046230316,362.7469177246,346.150177002,277.2406616211
TG2940,2013-05-30 11:12:00,9.8241672516,317.971282959,298.4092407227,240.0946350098
TG2940,2013-05-30 11:17:00,9.7634191513,322.3070678711,342.1133728027,274.1953735352
TG2940,2013-05-30 11:22:00,9.9948616028,335.6495056152,312.4951477051,251.134262085
TG2940,2013-05-30 11:27:00,10.3536186218,420.3525390625,355.9479370117,285.3154907227
TG2940,2013-05-30 11:32:00,10.2552547455,282.4337768555,359.4548339844,288.5817565918
TG2940,2013-05-30 11:37:00,10.1656341553,346.9677124023,323.1116333008,260.4713134766
TG2940,2013-05-30 11:42:00,9.9064598083,304.9773254395,308.8333740234,247.6405944824
TG2940,2013-05-30 11:47:00,10.1937465668,395.5476074219,354.9956359863,284.330078125
TG2940,2013-05-30 11:52:00,10.1564064026,280.856262207,304.9234008789,245.5156097412
TG2940,2013-05-30 11:57:00,10.2585401535,261.5683288574,316.9209289551,253.6420288086
TG2940,2013-05-30 12:02:00,9.8200712204,240.3774261475,325.7124328613,262.056060791
TG2940,2013-05-30 12:07:00,9.8701486588,250.290435791,323.0327148438,260.4157714844
TG2940,2013-05-30 12:12:00,9.9417495728,298.8741455078,331.4976501465,265.5863037109
TG2940,2013-05-30 12:17:00,10.5142860413,347.9727783203,341.7409057617,274.7577209473
TG2940,2013-05-30 12:22:00,10.6175327301,366.2333068848,331.7295532227,265.9945678711
TG2940,2013-05-30 12:27:00,10.2791824341,274.189239502,327.4466552734,263.5366821289
TG2940,2013-05-30 12:32:00,9.8036813736,251.3770904541,335.9661560059,269.6103515625
TG2940,2013-05-30 12:37:00,9.7563886642,384.7640991211,328.1967773438,263.0855407715
TG2940,2013-05-30 12:42:00,10.1257772446,232.0648345947,334.1104125977,268.4719543457
TG2940,2013-05-30 12:47:00,10.4721956253,367.4046325684,428.3599853516,285.3154296875
TG2940,2013-05-30 12:52:00,10.4020729065,416.3847961426,359.6184082031,288.7762451172
TG2940,2013-05-30 12:57:00,10.3269357681,252.2487640381,352.7850036621,282.7823181152
TG2940,2013-05-30 13:02:00,10.3733654022,357.5925598145,335.4128112793,269.7475891113
TG2940,2013-05-30 13:07:00,10.8205337524,300.1564025879,350.3481750488,280.7984619141
TG2940,2013-05-30 13:12:00,10.8055562973,315.4211120605,359.2526550293,288.7043151855
TG2940,2013-05-30 13:17:00,10.7265319824,332.3784790039,362.555480957,290.0832519531
TG2940,2013-05-30 13:22:00,10.7271690369,291.4504394531,313.6979064941,252.5674743652
TG2940,2013-05-30 13:27:00,11.2122278214,413.0592346191,328.7794189453,263.1084594727
TG2940,2013-05-30 13:32:00,11.7979297638,411.1215515137,324.5579223633,260.830657959
TG2940,2013-05-30 13:37:00,12.3810930252,302.0338134766,353.825592041,283.1752319336
TG2940,2013-05-30 13:42:00,12.5451393127,439.120300293,423.3240966797,308.6367797852
TG2940,2013-05-30 13:47:00,12.2689838409,389.2027587891,368.2458190918,295.8305969238
TG2940,2013-05-30 13:52:00,11.5075845718,320.2120666504,357.8153991699,287.6219177246
TG2940,2013-05-30 13:57:00,11.2113800049,265.817565918,371.3495788574,298.4907226562
TG2940,2013-05-30 14:02:00,11.3901596069,295.395111084,351.9070129395,282.5402832031
TG2940,2013-05-30 14:07:00,12.0006933212,367.9429626465,322.0139160156,258.9045410156
TG2940,2013-05-30 14:12:00,12.1353158951,277.9237670898,343.8605651855,275.6834106445
TG2940,2013-05-30 14:17:00,12.1465940475,321.3510742188,358.0390014648,288.3576965332
TG2940,2013-05-30 14:22:00,12.0911445618,420.4619750977,371.9120788574,299.4336242676
TG2940,2013-05-30 14:27:00,12.3588762283,324.2568359375,351.8413391113,283.2020568848
TG2940,2013-05-30 14:32:00,12.2619552612,407.0305175781,362.586517334,291.4289245605
TG2940,2013-05-30 14:37:00,12.2172451019,332.9788513184,339.8516235352,272.1969909668
TG2940,2013-05-30 14:42:00,12.1785430908,377.4990844727,369.3780212402,297.3656616211
TG2940,2013-05-30 14:47:00,12.5828380585,254.9371337891,332.6518554688,266.5376281738
TG2940,2013-05-30 14:52:00,12.8668699265,403.3003540039,357.880065918,287.8395080566
TG2940,2013-05-30 14:57:00,13.1827936172,291.2830810547,342.2510681152,275.2417907715
TG2940,2013-05-30 15:02:00,13.5471801758,406.6926574707,372.8238830566,300.1572875977
TG2940,2013-05-30 15:07:00,13.5795583725,372.3681640625,394.0704040527,315.717376709
TG2940,2013-05-30 15:12:00,13.5727615356,315.2421875,368.311920166,296.3829956055
TG2940,2013-05-30 15:17:00,13.0845880508,267.2557373047,370.386138916,297.2842102051
TG2940,2013-05-30 15:22:00,12.9967737198,454.3182983398,379.550567627,305.0104980469
TG2940,2013-05-30 15:27:00,12.9913425446,448.4726867676,386.2294311523,309.2291564941
TG2940,2013-05-30 15:32:00,13.3126325607,278.88671875,372.4945068359,299.7139892578
TG2940,2013-05-30 15:37:00,13.212184906,350.3772888184,352.2698669434,282.1297607422
TG2940,2013-05-30 15:42:00,13.1332540512,415.0562133789,366.5034179688,294.3766174316
TG2940,2013-05-30 15:47:00,12.6816062927,312.5081787109,376.1573181152,302.3464660645
TG2940,2013-05-30 15:52:00,12.236828804,287.6387939453,338.347869873,270.857208252
TG2940,2013-05-30 15:57:00,11.3059530258,329.0920410156,371.9887084961,298.0778808594
TG2940,2013-05-30 16:02:00,10.7065782547,292.3207092285,316.6981201172,254.745513916
TG2940,2013-05-30 16:07:00,10.1155471802,397.6151733398,303.5257873535,243.7050628662
TG2940,2013-05-30 16:12:00,9.8498277664,310.5948791504,331.8627624512,265.5772094727
TG2940,2013-05-30 16:17:00,9.5761699677,418.4796447754,326.3194885254,261.9583435059
TG2940,2013-05-30 16:22:00,9.6148080826,271.0518188477,297.179901123,311.2283325195
TG2940,2013-05-30 16:27:00,9.7612543106,228.8128204346,307.4091796875,246.0341796875
TG2940,2013-05-30 16:32:00,10.062743187,428.3066101074,360.2484436035,289.9436035156
TG2940,2013-05-30 16:37:00,10.5281066895,253.484954834,321.9372253418,259.4481201172
TG2940,2013-05-30 16:42:00,10.9493598938,434.8397827148,416.5339050293,294.2174682617
TG2940,2013-05-30 16:47:00,10.8866043091,399.1858215332,317.8866271973,255.8665466309
TG2940,2013-05-30 16:52:00,10.8188695908,350.5334472656,315.6250610352,253.4781188965
TG2940,2013-05-30 16:57:00,10.7724475861,323.9702148438,346.900177002,255.3277740479
TG2940,2013-05-30 17:02:00,11.170214653,368.0316467285,340.2558898926,273.6210021973
TG2940,2013-05-30 17:07:00,11.5664873123,354.4634094238,364.8475952148,293.2522888184
TG2940,2013-05-30 17:12:00,12.0792655945,401.5406188965,359.9711608887,288.8235168457
TG2940,2013-05-30 17:17:00,12.1822519302,327.9044494629,363.5739746094,291.3908691406
TG2940,2013-05-30 17:22:00,12.2095804214,332.7175292969,350.4495239258,281.7889404297
TG2940,2013-05-30 17:27:00,12.2199363708,294.122833252,345.325592041,276.9323120117
TG2940,2013-05-30 17:32:00,12.5680599213,386.4133911133,356.1047668457,285.6520690918
TG2940,2013-05-30 17:37:00,12.516046524,377.3460693359,335.9353942871,269.5826721191
TG2940,2013-05-30 17:42:00,12.4032011032,343.5594177246,330.1132507324,264.1620178223
TG2940,2013-05-30 17:47:00,12.3638896942,294.7310180664,352.690826416,283.7199707031
TG2940,2013-05-30 17:52:00,12.6367769241,425.596862793,382.1161193848,306.2431945801
TG2940,2013-05-30 17:57:00,12.8516607285,359.4457092285,387.0517272949,310.3592224121
TG2940,2013-05-30 18:02:00,12.9796819687,452.683807373,370.4212036133,296.9556884766
TG2940,2013-05-30 18:07:00,13.3011493683,340.5192871094,339.7470703125,338.8004455566
TG2940,2013-05-30 18:12:00,13.3065357208,371.8399047852,365.7789916992,293.5738220215
TG2940,2013-05-30 18:17:00,13.4442596436,375.73828125,344.1553039551,276.8899230957
TG2940,2013-05-30 18:22:00,13.5801973343,348.7099609375,384.383605957,307.5536804199
TG2940,2013-05-30 18:27:00,13.6864013672,423.9351501465,348.8136901855,280.9681091309
TG2940,2013-05-30 18:32:00,13.6185674667,412.7937927246,340.3122253418,272.5266113281
TG2940,2013-05-30 18:37:00,13.5874910355,401.3837280273,341.2652587891,273.4636535645
TG2940,2013-05-30 18:42:00,13.5527029037,433.527557373,366.7410888672,295.0555725098
TG2940,2013-05-30 18:47:00,13.7115678787,518.1815185547,343.9234619141,277.0010986328
TG2940,2013-05-30 18:52:00,13.8649377823,293.9760437012,349.8287658691,281.3120422363
TG2940,2013-05-30 18:57:00,14.3285751343,289.0563964844,363.6918945312,291.0209655762
TG2940,2013-05-30 19:02:00,14.699010849,511.763092041,402.4831848145,323.5756225586
TG2940,2013-05-30 19:07:00,14.9792289734,349.0249938965,367.7600097656,295.8648071289
TG2940,2013-05-30 19:12:00,14.9945316315,397.7220153809,353.6036682129,284.0610046387
TG2940,2013-05-30 19:17:00,14.6325368881,311.5113220215,364.1702880859,293.1790466309
TG2940,2013-05-30 19:22:00,14.3038425446,266.8816833496,377.8579711914,303.496673584
TG2940,2013-05-30 19:27:00,14.2399663925,387.0930175781,382.2613525391,307.0787963867
TG2940,2013-05-30 19:32:00,14.1869697571,408.6274414062,394.0405273438,316.7475280762
TG2940,2013-05-30 19:37:00,14.0765666962,392.5435180664,422.523223877,299.4930419922
TG2940,2013-05-30 19:42:00,13.6460323334,351.9898986816,392.0057678223,313.771484375
TG2940,2013-05-30 19:47:00,13.6664066315,383.7848205566,345.7241210938,277.013458252
TG2940,2013-05-30 19:52:00,13.6240940094,402.9659423828,449.671875,298.8312683105
TG2940,2013-05-30 19:57:00,13.9543504715,460.150604248,388.4367980957,311.0646057129
TG2940,2013-05-30 20:02:00,14.1344480515,378.6492004395,372.1395263672,298.7105102539
TG2940,2013-05-30 20:07:00,14.2665805817,379.2977905273,376.077331543,300.9494628906
TG2940,2013-05-30 20:12:00,14.3590726852,361.4545288086,400.8546447754,321.8859863281
TG2940,2013-05-30 20:17:00,14.0876169205,441.2239379883,354.8284912109,285.8575439453
TG2940,2013-05-30 20:22:00,13.5382099152,324.1344604492,375.054107666,300.6897277832
TG2940,2013-05-30 20:27:00,13.0137147903,302.8004150391,338.499206543,272.7478027344
TG2940,2013-05-30 20:32:00,12.9321155548,300.9038696289,386.1304321289,310.4762878418
TG2940,2013-05-30 20:37:00,13.2008800507,434.160369873,374.5838623047,301.2212219238
TG2940,2013-05-30 20:42:00,13.6086359024,425.7304077148,358.6879882812,287.9996643066
TG2940,2013-05-30 20:47:00,13.9732160568,399.9508361816,351.7273254395,312.0736083984
TG2940,2013-05-30 20:52:00,14.4115314484,346.9178466797,391.3551025391,315.0586547852
TG2940,2013-05-30 20:57:00,14.7637491226,467.9189453125,403.5411682129,324.2897644043
TG2940,2013-05-30 21:02:00,14.7802791595,386.7308349609,351.5118103027,281.8684692383
TG2940,2013-05-30 21:07:00,14.7990665436,459.3362121582,348.4225463867,278.7602844238
TG2940,2013-05-30 21:12:00,14.8457612991,336.6138916016,382.3997192383,307.1250915527
TG2940,2013-05-30 21:17:00,15.2983121872,455.7380981445,394.323059082,315.6975097656
TG2940,2013-05-30 21:22:00,15.7306575775,388.8941040039,379.6271972656,304.6803894043
TG2940,2013-05-30 21:27:00,16.0543251038,412.7056274414,406.7591247559,326.8365783691
TG2940,2013-05-30 21:32:00,15.91065979,467.2567443848,402.2312316895,321.9402160645
TG2940,2013-05-30 21:37:00,15.8566637039,340.7796630859,442.4284973145,302.6735839844
TG2940,2013-05-30 21:42:00,15.9299936295,459.8308410645,374.1913757324,299.6895446777
TG2940,2013-05-30 21:47:00,16.0079536438,304.1398010254,367.0491943359,294.8150024414
TG2940,2013-05-30 21:52:00,15.9315319061,335.3507385254,410.4567871094,329.7000427246
TG2940,2013-05-30 21:57:00,15.7864875793,445.443145752,408.4389648438,327.8563842773
TG2940,2013-05-30 22:02:00,16.153055191,343.0136413574,391.8311157227,315.2983703613
TG2940,2013-05-30 22:07:00,16.1438350677,452.3855895996,359.1109924316,289.0877990723
TG2940,2013-05-30 22:12:00,15.7254905701,431.7921142578,367.3819274902,295.2034912109
TG2940,2013-05-30 22:17:00,15.2395200729,323.2788085938,374.4974060059,300.3893737793
TG2940,2013-05-30 22:22:00,15.2921152115,458.1885681152,363.1672058105,290.9463500977
TG2940,2013-05-30 22:27:00,15.7973031998,401.2898254395,392.0071716309,315.4323425293
TG2940,2013-05-30 22:32:00,16.37657547,364.6925048828,383.4047851562,307.2253417969
TG2940,2013-05-30 22:37:00,16.4777584076,335.8049621582,395.608795166,339.1370239258
TG2940,2013-05-30 22:42:00,16.1268959045,417.3933105469,363.6952514648,291.3418273926
TG2940,2013-05-30 22:47:00,15.7784061432,394.2035522461,406.1923522949,325.1415100098
TG2940,2013-05-30 22:52:00,15.7168960571,354.5924377441,361.8096618652,291.2248535156
TG2940,2013-05-30 22:57:00,15.9872980118,444.6841125488,383.9804992676,309.1259765625
TG2940,2013-05-30 23:02:00,16.1648750305,289.1001586914,407.0002746582,391.558013916
TG2940,2013-05-30 23:07:00,16.4336833954,352.6778564453,407.4457702637,326.4223632812
TG2940,2013-05-30 23:12:00,16.8705883026,384.3167114258,413.8735961914,332.5042419434
TG2940,2013-05-30 23:17:00,16.9165382385,369.5270080566,414.4655151367,331.8465576172
TG2940,2013-05-30 23:22:00,16.9559841156,435.0249023438,413.9413146973,331.6410827637
TG2940,2013-05-30 23:27:00,16.9187889099,310.9354858398,375.4170532227,301.6773986816
TG2940,2013-05-30 23:32:00,16.8392601013,415.370880127,388.3573303223,310.7499084473
TG2940,2013-05-30 23:37:00,16.6450691223,411.6369628906,402.198638916,306.8742370605
TG2940,2013-05-30 23:42:00,16.4291553497,477.4490661621,408.9585266113,328.7488098145
TG2940,2013-05-30 23:47:00,16.6780967712,422.2358398438,405.3854370117,325.7807312012
TG2940,2013-05-30 23:52:00,16.920135498,453.1288452148,418.9031982422,337.020690918
TG2940,2013-05-30 23:57:00,17.209602356,334.072265625,371.6131896973,355.5149841309
TG2940,2013-05-31 00:02:00,17.0425052643,323.1315002441,392.8096923828,314.3421936035
TG2940,2013-05-31 00:07:00,17.0749969482,351.3953552246,407.916229248,326.7148132324
TG2940,2013-05-31 00:12:00,16.7000274658,360.381652832,388.3174438477,311.5252075195
TG2940,2013-05-31 00:17:00,16.6589183807,411.9334106445,412.5735473633,331.7827453613
TG2940,2013-05-31 00:22:00,16.4895076752,353.2576293945,368.8262023926,295.3439025879
TG2940,2013-05-31 00:27:00,16.6610603333,410.416809082,404.7055664062,324.8357849121
TG2940,2013-05-31 00:32:00,16.5163345337,363.886932373,377.6988830566,340.1465759277
TG2940,2013-05-31 00:37:00,16.4595832825,436.0482788086,450.8195495605,303.2532043457
TG2940,2013-05-31 00:42:00,16.3895702362,412.9224243164,399.8600158691,320.0592346191
TG2940,2013-05-31 00:47:00,16.2990245819,389.7206420898,385.065612793,308.3823547363
TG2940,2013-05-31 00:52:00,15.7541952133,417.8111877441,380.5496826172,305.3916320801
TG2940,2013-05-31 00:57:00,14.8733453751,301.347076416,371.1088562012,297.8457946777
TG2940,2013-05-31 01:02:00,14.0598058701,267.6161804199,391.4453430176,314.9972229004
TG2940,2013-05-31 01:07:00,13.2257833481,491.1607666016,339.0469055176,271.7298278809
TG2940,2013-05-31 01:12:00,12.8459415436,264.5393066406,337.8315124512,270.5027770996
TG2940,2013-05-31 01:17:00,12.812420845,312.4276428223,348.2055969238,279.3967590332
TG2940,2013-05-31 01:22:00,12.8214254379,447.6526794434,362.8863220215,290.863861084
TG2940,2013-05-31 01:27:00,12.7287139893,296.2417602539,349.8949584961,281.9124755859
TG2940,2013-05-31 01:32:00,12.7239780426,297.9800109863,388.0221252441,311.0432128906
TG2940,2013-05-31 01:37:00,13.1216173172,423.9512939453,341.8418579102,275.1300048828
TG2940,2013-05-31 01:42:00,13.6033372879,442.3294677734,372.8327636719,299.6014099121
TG2940,2013-05-31 01:47:00,13.9286117554,371.166595459,361.7463684082,291.3324584961
TG2940,2013-05-31 01:52:00,14.2427997589,372.8717346191,348.6111755371,279.2164001465
TG2940,2013-05-31 01:57:00,14.3984031677,460.711151123,395.7386779785,317.7644042969
TG2940,2013-05-31 02:02:00,14.2465553284,388.6744995117,392.5615844727,314.5706176758
TG2940,2013-05-31 02:07:00,13.6656446457,283.8177185059,351.7777099609,281.6025695801
TG2940,2013-05-31 02:12:00,13.244386673,287.6984863281,389.3976135254,312.438293457
TG2940,2013-05-31 02:17:00,13.1975812912,457.2907409668,349.1854248047,279.900970459
TG2940,2013-05-31 02:22:00,13.6299066544,360.981628418,350.4398193359,281.8389587402
TG2940,2013-05-31 02:27:00,14.0752649307,463.0509643555,364.8325805664,293.3329467773
TG2940,2013-05-31 02:32:00,14.5915307999,276.3339538574,361.3276672363,290.578704834
TG2940,2013-05-31 02:37:00,15.1277360916,470.4721069336,383.8175354004,308.9337768555
TG2940,2013-05-31 02:42:00,15.2392301559,444.5413208008,453.3797912598,299.0339050293
TG2940,2013-05-31 02:47:00,14.8696346283,348.0958862305,376.8115844727,302.2507324219
TG2940,2013-05-31 02:52:00,14.3312120438,346.5994873047,367.3125305176,295.444732666
TG2940,2013-05-31 02:57:00,14.1998109818,393.6115112305,354.3346252441,283.5914001465
TG2940,2013-05-31 03:02:00,14.4742383957,453.2659912109,363.6878662109,292.5344238281
TG2940,2013-05-31 03:07:00,14.4566173553,431.5733947754,350.9467773438,282.283782959
TG2940,2013-05-31 03:12:00,14.4076938629,376.7256774902,369.1963806152,296.3375549316
TG2940,2013-05-31 03:17:00,14.4152135849,472.9680480957,404.7168273926,299.6951293945
TG2940,2013-05-31 03:22:00,14.8384056091,433.7796936035,369.5797729492,296.4271240234
TG2940,2013-05-31 03:27:00,14.885351181,367.4054870605,380.5335693359,305.704284668
TG2940,2013-05-31 03:32:00,14.9396820068,278.9473266602,362.9414672852,291.263671875
TG2940,2013-05-31 03:37:00,14.9765481949,288.1300354004,372.8759765625,298.6723022461
TG2940,2013-05-31 03:42:00,15.3058290482,276.091003418,396.0811157227,317.7615661621
TG2940,2013-05-31 03:47:00,15.4906167984,289.7169189453,389.0082702637,313.0686645508
TG2940,2013-05-31 03:52:00,15.761138916,462.6515808105,401.8239746094,322.8551940918
TG2940,2013-05-31 03:57:00,16.1963615417,332.8902587891,388.1220397949,311.9066162109
TG2940,2013-05-31 04:02:00,16.6408023834,319.2240905762,416.2516174316,334.7415466309
TG2940,2013-05-31 04:07:00,16.8769931793,399.8591003418,417.8607788086,336.0841369629
TG2940,2013-05-31 04:12:00,17.0622501373,421.8623046875,408.2151184082,328.0834350586
TG2940,2013-05-31 04:17:00,17.3956451416,341.4786376953,414.0806884766,333.0234375
TG2940,2013-05-31 04:22:00,17.7918109894,449.520904541,398.7963562012,319.4108886719
TG2940,2013-05-31 04:27:00,17.7471656799,389.2853088379,411.4161682129,330.0831604004
TG2940,2013-05-31 04:32:00,17.2612857819,447.5910339355,378.1347351074,303.217956543
TG2940,2013-05-31 04:37:00,16.8392601013,420.5769348145,367.9978942871,294.6736755371
TG2940,2013-05-31 04:42:00,16.8993206024,303.3465881348,408.1124572754,328.1783752441
TG2940,2013-05-31 04:47:00,16.9083862305,437.5293579102,421.1494750977,338.2266540527
TG2940,2013-05-31 04:52:00,16.8692321777,378.8771972656,368.8349914551,295.2167053223
TG2940,2013-05-31 04:57:00,16.7576465607,320.0090942383,413.158782959,362.9161987305
TG2940,2013-05-31 05:02:00,16.9862289429,323.1927185059,383.1995544434,306.8933410645
TG2940,2013-05-31 05:07:00,17.241065979,368.561920166,382.409362793,306.262298584
TG2940,2013-05-31 05:12:00,17.0628223419,296.9736328125,414.2492675781,332.4592590332
TG2940,2013-05-31 05:17:00,16.5682144165,444.4911193848,377.7109985352,303.6690979004
TG2940,2013-05-31 05:22:00,16.123588562,508.5144348145,359.9686584473,287.9790649414
TG2940,2013-05-31 05:27:00,16.1657390594,418.9642333984,369.0272216797,296.5357666016
TG2940,2013-05-31 05:32:00,16.2211818695,474.2446899414,405.9600219727,325.1003723145
TG2940,2013-05-31 05:37:00,16.2589149475,467.9750976562,379.7869262695,305.7871398926
TG2940,2013-05-31 05:42:00,16.3157196045,430.3206481934,401.3686828613,321.5579528809
TG2940,2013-05-31 05:47:00,16.8155212402,388.3631286621,405.6692810059,325.5959777832
TG2940,2013-05-31 05:52:00,17.3573818207,382.111114502,418.5986328125,335.1825256348
TG2940,2013-05-31 05:57:00,17.8810462952,353.6305847168,420.2085266113,337.9090881348
TG2940,2013-05-31 06:02:00,18.2746696472,302.141204834,372.3333740234,298.8039855957
TG2940,2013-05-31 06:07:00,18.5751228333,487.237487793,393.7651672363,316.9290466309
TG2940,2013-05-31 06:12:00,18.418680191,454.4941711426,373.9362792969,299.3957214355
TG2940,2013-05-31 06:17:00,18.2644634247,349.1717834473,379.5670776367,305.5124206543
TG2940,2013-05-31 06:22:00,17.7589817047,304.6901550293,405.9262084961,433.4938964844
TG2940,2013-05-31 06:27:00,17.2038784027,414.4683532715,422.6766357422,339.7383422852
TG2940,2013-05-31 06:32:00,16.6992874146,446.5791625977,365.5454406738,292.6286315918
TG2940,2013-05-31 06:37:00,16.5964889526,321.2240600586,383.5454101562,307.7849731445
TG2940,2013-05-31 06:42:00,16.9356193542,295.2993469238,414.9418640137,332.3868408203
TG2940,2013-05-31 06:47:00,17.2792835236,369.111541748,382.8751525879,306.9403076172
TG2940,2013-05-31 06:52:00,17.243434906,347.7032775879,380.8116455078,305.289642334
TG2940,2013-05-31 06:57:00,17.2981395721,319.7627868652,381.005859375,306.0604858398
TG2940,2013-05-31 07:02:00,17.4272022247,427.2696533203,380.4940185547,306.1442871094
TG2940,2013-05-31 07:07:00,18.0163841248,429.8048400879,399.9329528809,321.3072509766
TG2940,2013-05-31 07:12:00,18.6155338287,297.7405395508,428.3596191406,343.1106872559
TG2940,2013-05-31 07:17:00,19.1699333191,340.5967407227,437.5772705078,350.9568786621
TG2940,2013-05-31 07:22:00,19.6921901703,354.5328979492,422.6025085449,339.0194091797
TG2940,2013-05-31 07:27:00,19.7201194763,344.3047790527,394.2750244141,316.8998413086
TG2940,2013-05-31 07:32:00,19.8385276794,454.3017272949,412.1812744141,331.5131225586
TG2940,2013-05-31 07:37:00,19.4526462555,422.5339660645,435.2007141113,349.3610229492
TG2940,2013-05-31 07:42:00,19.0383491516,346.3117370605,382.779876709,307.1070251465
TG2940,2013-05-31 07:47:00,18.56549263,481.3321228027,396.8050842285,317.5410461426
TG2940,2013-05-31 07:52:00,18.4587669373,369.6175231934,423.4178771973,339.0168762207
TG2940,2013-05-31 07:57:00,18.8759765625,479.6731262207,396.3835449219,318.691619873
TG2940,2013-05-31 08:02:00,18.8481884003,337.0279541016,431.116394043,346.5715942383
TG2940,2013-05-31 08:07:00,18.5272483826,318.5834350586,391.9104919434,314.0688171387
TG2940,2013-05-31 08:12:00,17.7427501678,289.3557434082,374.5980529785,301.5463562012
TG2940,2013-05-31 08:17:00,17.4409675598,321.4735107422,372.030670166,298.3979492188
TG2940,2013-05-31 08:22:00,17.604883194,361.0354614258,423.1576843262,340.3434448242
TG2940,2013-05-31 08:27:00,17.7068080902,439.8025512695,379.4520568848,304.7791137695
TG2940,2013-05-31 08:32:00,17.7892017365,480.6141967773,421.0286254883,337.521697998
TG2940,2013-05-31 08:37:00,17.6576061249,304.0803833008,377.9794311523,302.6759643555
TG2940,2013-05-31 08:42:00,17.5083599091,343.9057617188,416.1643981934,313.0029602051
TG2940,2013-05-31 08:47:00,16.8989582062,317.1091003418,410.9390869141,329.9113464355
TG2940,2013-05-31 08:52:00,16.0294837952,472.0955200195,386.0555114746,310.3171081543
TG2940,2013-05-31 08:57:00,15.6876344681,323.7957458496,392.7012329102,315.3426818848
TG2940,2013-05-31 09:02:00,15.7897634506,472.3442382812,372.209777832,298.6159667969
TG2940,2013-05-31 09:07:00,16.1451663971,463.6936340332,414.2369995117,332.9864196777
TG2940,2013-05-31 09:12:00,16.4794559479,381.1210632324,380.1217651367,305.2274169922
TG2940,2013-05-31 09:17:00,16.7385444641,322.4673461914,387.7644042969,310.3143615723
TG2940,2013-05-31 09:22:00,17.1474819183,383.5360412598,376.505279541,301.9707336426
TG2940,2013-05-31 09:27:00,17.3809833527,398.8049316406,374.9305114746,301.8976745605
TG2940,2013-05-31 09:32:00,17.7565612793,296.2188415527,402.5372009277,322.8088989258
TG2940,2013-05-31 09:37:00,17.7034645081,367.3679504395,413.9691772461,362.3437805176
TG2940,2013-05-31 09:42:00,17.8018341064,317.6787719727,418.5960998535,335.5321044922
TG2940,2013-05-31 09:47:00,17.3661212921,408.787322998,367.0158081055,294.523223877
TG2940,2013-05-31 09:52:00,17.3350296021,432.7041931152,371.5373840332,298.1157531738
TG2940,2013-05-31 09:57:00,17.3455219269,329.8011474609,420.9828491211,337.6836242676
TG2940,2013-05-31 10:02:00,17.7646198273,332.133605957,384.5771179199,309.3734741211
TG2940,2013-05-31 10:07:00,17.7563686371,436.4027099609,382.3903808594,306.9354858398
TG2940,2013-05-31 10:12:00,17.2694854736,312.9215087891,388.6920166016,311.9692993164
TG2940,2013-05-31 10:17:00,16.3885421753,366.9824829102,383.2623901367,308.4567565918
TG2940,2013-05-31 10:22:00,15.9938726425,450.1843261719,411.2803344727,404.1821289062
TG2940,2013-05-31 10:27:00,15.6395769119,322.1402587891,387.9328308105,312.1694335938
TG2940,2013-05-31 10:32:00,15.3261957169,468.0389099121,374.7835388184,301.1418151855
TG2940,2013-05-31 10:37:00,14.8536920547,329.5849609375,395.0339660645,317.7734985352
TG2940,2013-05-31 10:42:00,14.7096014023,452.5049133301,346.5280151367,278.8881835938
TG2940,2013-05-31 10:47:00,14.8492040634,330.0045166016,365.1439208984,292.4364929199
TG2940,2013-05-31 10:52:00,15.1372251511,401.2672119141,404.6714172363,324.8446960449
TG2940,2013-05-31 10:57:00,15.0892848969,341.534942627,376.4819641113,302.6331176758
TG2940,2013-05-31 11:02:00,15.0808544159,427.1151733398,367.6178283691,295.7971191406
TG2940,2013-05-31 11:07:00,14.6074924469,415.4186401367,389.243927002,312.4987487793
TG2940,2013-05-31 11:12:00,14.0756607056,404.1272277832,381.7056274414,305.5530395508
TG2940,2013-05-31 11:17:00,13.5956735611,319.9818115234,449.3493652344,293.8768310547
TG2940,2013-05-31 11:22:00,13.0766086578,437.03125,387.4894714355,310.5061645508
TG2940,2013-05-31 11:27:00,12.8709459305,281.3089599609,380.2750244141,304.9463806152
TG2940,2013-05-31 11:32:00,12.56270504,394.1127319336,379.7073669434,304.8198242188
TG2940,2013-05-31 11:37:00,12.6482973099,426.3926086426,339.6513671875,273.0249328613
TG2940,2013-05-31 11:42:00,12.9439554214,297.8765258789,370.7843933105,297.1564331055
TG2940,2013-05-31 11:47:00,12.9360275269,394.8563232422,351.0539855957,281.6207885742
TG2940,2013-05-31 11:52:00,12.8896131516,444.5696411133,396.1860046387,265.3174743652
TG2940,2013-05-31 11:57:00,12.6862592697,254.6279144287,349.9151306152,279.9331054688
TG2940,2013-05-31 12:02:00,12.7864847183,312.6262207031,350.5028381348,282.262878418
TG2940,2013-05-31 12:07:00,12.9739294052,269.561920166,350.7637329102,281.8695373535
TG2940,2013-05-31 12:12:00,13.170091629,329.5799865723,382.787109375,307.822265625
TG2940,2013-05-31 12:17:00,13.4753198624,306.6199951172,343.0096435547,274.5671386719
TG2940,2013-05-31 12:22:00,13.8289012909,461.5425720215,359.9466552734,288.4855041504
TG2940,2013-05-31 12:27:00,13.8500328064,358.9056396484,361.9476013184,290.3246765137
TG2940,2013-05-31 12:32:00,13.8438873291,443.8792419434,388.4964904785,311.5822753906
TG2940,2013-05-31 12:37:00,13.8237447739,323.8363342285,361.3788452148,382.1399536133
TG2940,2013-05-31 12:42:00,14.1088151932,325.6749267578,390.4848327637,313.751739502
TG2940,2013-05-31 12:47:00,14.0459241867,355.1596984863,353.9049377441,284.427947998
TG2940,2013-05-31 12:52:00,13.9176054001,442.2114868164,382.5308227539,306.7294616699
TG2940,2013-05-31 12:57:00,13.8062286377,413.6314697266,349.8826904297,281.6346740723
TG2940,2013-05-31 13:02:00,14.1721010208,373.3388977051,342.1029052734,275.3394470215
TG2940,2013-05-31 13:07:00,14.6531600952,279.7719421387,384.347869873,308.4083557129
TG2940,2013-05-31 13:12:00,15.2521247864,276.233581543,394.4440002441,316.4704589844
TG2940,2013-05-31 13:17:00,15.8507051468,286.4164428711,359.149017334,289.2745666504
TG2940,2013-05-31 13:22:00,16.4634113312,401.8687133789,375.9841308594,302.6600646973
TG2940,2013-05-31 13:27:00,17.1124191284,362.700958252,389.7688293457,313.643157959
TG2940,2013-05-31 13:32:00,17.6790523529,405.30859375,384.5974121094,309.1742553711
TG2940,2013-05-31 13:37:00,18.1502952576,358.091583252,413.6520385742,332.3893432617
TG2940,2013-05-31 13:42:00,18.5465068817,447.2279663086,416.9588928223,393.954284668
TG2940,2013-05-31 13:47:00,18.8803138733,480.9616394043,400.4665222168,321.6473388672
TG2940,2013-05-31 13:52:00,18.842092514,433.075012207,434.5066223145,348.1218261719
TG2940,2013-05-31 13:57:00,18.8224029541,414.0932006836,383.9509277344,309.0236206055
TG2940,2013-05-31 14:02:00,18.8942546844,440.192779541,385.0667419434,309.9211120605
TG2940,2013-05-31 14:07:00,19.3894462585,439.8512268066,549.1458740234,339.5356140137
TG2940,2013-05-31 14:12:00,19.7739124298,345.9654541016,409.0105285645,329.1667175293
TG2940,2013-05-31 14:17:00,19.7128238678,468.6087341309,396.5974731445,393.6445007324
TG2940,2013-05-31 14:22:00,19.1675415039,325.2178344727,417.08984375,334.4937744141
TG2940,2013-05-31 14:27:00,18.6900634766,318.9438476562,375.9804382324,302.0928344727
TG2940,2013-05-31 14:32:00,18.1539382935,448.6834411621,417.2272949219,333.9765014648
TG2940,2013-05-31 14:37:00,18.0355815887,462.7104797363,421.5943603516,337.7649230957
TG2940,2013-05-31 14:42:00,17.9320278168,295.2961425781,413.1383666992,330.8226623535
TG2940,2013-05-31 14:47:00,17.9017791748,337.2878417969,383.8379516602,308.4361572266
TG2940,2013-05-31 14:52:00,17.9315071106,485.8064575195,426.8234863281,342.181640625
TG2940,2013-05-31 14:57:00,17.8672294617,446.1534729004,427.1892089844,342.8363342285
TG2940,2013-05-31 15:02:00,17.7904834747,323.8637084961,376.7022094727,302.2606811523
TG2940,2013-05-31 15:07:00,17.3005714417,478.6100463867,377.9698181152,303.1572570801
TG2940,2013-05-31 15:12:00,16.8886051178,401.3450622559,414.8680114746,333.8655090332
TG2940,2013-05-31 15:17:00,16.9270896912,322.2002563477,402.2719421387,322.6247558594
TG2940,2013-05-31 15:22:00,17.4048423767,308.3095092773,375.8231811523,338.8358154297
TG2940,2013-05-31 15:27:00,17.440536499,341.1007385254,406.5809631348,326.5244750977
TG2940,2013-05-31 15:32:00,17.0074329376,378.9627380371,382.2951049805,307.8227844238
TG2940,2013-05-31 15:37:00,16.5035305023,333.6121520996,390.3697509766,313.5356750488
TG2940,2013-05-31 15:42:00,16.0358371735,287.2275695801,403.4687805176,324.3959655762
TG2940,2013-05-31 15:47:00,15.8892383575,296.1961669922,355.8167114258,284.7215270996
TG2940,2013-05-31 15:52:00,15.782740593,321.7457580566,396.0864562988,317.7838134766
TG2940,2013-05-31 15:57:00,16.1212711334,423.5961303711,407.7192687988,326.5491027832
TG2940,2013-05-31 16:02:00,16.4668712616,364.8279418945,370.1123046875,296.9047241211
TG2940,2013-05-31 16:07:00,16.7719993591,370.9376831055,417.1781921387,335.3017272949
TG2940,2013-05-31 16:12:00,16.6060085297,283.1497802734,390.0340576172,313.1113891602
TG2940,2013-05-31 16:17:00,16.4632511139,294.1273803711,394.0740356445,316.4494018555
TG2940,2013-05-31 16:22:00,16.2855567932,356.8212890625,378.5028381348,303.589263916
TG2940,2013-05-31 16:27:00,16.0974807739,278.1443481445,383.887878418,308.0654602051
TG2940,2013-05-31 16:32:00,15.5286817551,494.8366699219,398.2804870605,318.8368835449
TG2940,2013-05-31 16:37:00,14.9440927505,424.1960144043,387.9765014648,311.5960693359
TG2940,2013-05-31 16:42:00,14.8972301483,358.858001709,359.701751709,289.2294006348
TG2940,2013-05-31 16:47:00,15.3660640717,353.169921875,377.4452514648,303.453125
TG2940,2013-05-31 16:52:00,15.9016456604,464.6882629395,364.6254882812,292.741973877
TG2940,2013-05-31 16:57:00,16.3928146362,436.7973937988,410.0853881836,328.5598144531
TG2940,2013-05-31 17:02:00,16.4524059296,336.6320495605,396.7289123535,317.9467468262
TG2940,2013-05-31 17:07:00,16.1306972504,433.6165771484,377.9605712891,302.983795166
TG2940,2013-05-31 17:12:00,15.7949476242,388.8346557617,413.3497619629,331.3403930664
TG2940,2013-05-31 17:17:00,15.8487071991,360.253112793,365.0422668457,292.889465332
TG2940,2013-05-31 17:22:00,16.1536045074,431.7805480957,388.4006958008,312.1401977539
TG2940,2013-05-31 17:27:00,16.0477180481,407.3242797852,413.6245117188,331.5461120605
TG2940,2013-05-31 17:32:00,15.9286031723,312.9933776855,366.4506835938,294.5159912109
TG2940,2013-05-31 17:37:00,15.518992424,340.6587219238,354.5339660645,283.7875671387
TG2940,2013-05-31 17:42:00,15.1232662201,453.8424682617,368.9297790527,295.9261779785
TG2940,2013-05-31 17:47:00,14.6584701538,395.1038818359,402.9278869629,324.2238464355
TG2940,2013-05-31 17:52:00,14.6203489304,355.0794677734,404.1003112793,324.7567749023
TG2940,2013-05-31 17:57:00,14.5601444244,389.5848693848,383.6350402832,307.6875
TG2940,2013-05-31 18:02:00,14.1161594391,347.5244750977,377.3639526367,302.7453918457
TG2940,2013-05-31 18:07:00,13.2876939774,409.0205993652,383.3937683105,308.4066772461
TG2940,2013-05-31 18:12:00,12.9567756653,359.9304199219,355.2085876465,285.404083252
TG2940,2013-05-31 18:17:00,13.0544166565,259.9860839844,336.8779296875,271.4981994629
TG2940,2013-05-31 18:22:00,13.1608219147,322.0701904297,339.1130065918,271.638458252
TG2940,2013-05-31 18:27:00,13.2533359528,309.0768737793,358.1816711426,288.2214660645
TG2940,2013-05-31 18:32:00,13.3445291519,380.2184753418,351.4543457031,282.5614624023
TG2940,2013-05-31 18:37:00,13.7577390671,451.0241699219,378.1143798828,303.7867736816
TG2940,2013-05-31 18:42:00,13.7182855606,422.0151367188,373.4624328613,398.5170593262
TG2940,2013-05-31 18:47:00,13.3006238937,422.5517272949,335.8730773926,270.5231933594
TG2940,2013-05-31 18:52:00,12.9702606201,337.969543457,378.1225585938,304.3327636719
TG2940,2013-05-31 18:57:00,12.9183979034,443.7582092285,339.1066589355,271.3737792969
TG2940,2013-05-31 19:02:00,13.3289270401,441.6097717285,350.3518981934,281.098815918
TG2940,2013-05-31 19:07:00,13.7616910934,398.4858703613,361.4481506348,331.8545532227
TG2940,2013-05-31 19:12:00,13.9173116684,364.3238220215,374.208984375,300.0540161133
TG2940,2013-05-31 19:17:00,14.0993967056,391.9261169434,368.3163146973,295.8782043457
TG2940,2013-05-31 19:22:00,14.1980791092,421.1449279785,359.1669311523,287.9922180176
TG2940,2013-05-31 19:27:00,14.6198625565,395.1370544434,388.2462463379,312.4890136719
TG2940,2013-05-31 19:32:00,14.9287986755,388.5508422852,406.8672790527,327.2901916504
TG2940,2013-05-31 19:37:00,15.1741914749,406.4376831055,382.5171508789,307.0182189941
TG2940,2013-05-31 19:42:00,15.4577455521,414.2909545898,360.5906066895,288.5901184082
TG2940,2013-05-31 19:47:00,15.3484773636,403.9373474121,379.9212341309,304.429107666
TG2940,2013-05-31 19:52:00,15.38580513,318.9551391602,409.6210021973,328.4896850586
TG2940,2013-05-31 19:57:00,15.362991333,449.8274230957,371.2448120117,298.2627563477
TG2940,2013-05-31 20:02:00,15.6307115555,291.4538879395,406.1571044922,326.8151550293
TG2940,2013-05-31 20:07:00,15.8712463379,406.3809509277,402.8920593262,324.2813720703
TG2940,2013-05-31 20:12:00,15.7225599289,443.5457458496,409.0059509277,328.8594055176
TG2940,2013-05-31 20:17:00,15.7615537643,351.4499206543,381.1315307617,305.1451721191
TG2940,2013-05-31 20:22:00,15.8449859619,459.3609924316,404.483581543,325.178314209
TG2940,2013-05-31 20:27:00,16.3115901947,426.9702453613,369.3422546387,295.8779907227
TG2940,2013-05-31 20:32:00,16.3127040863,434.6952514648,414.0586547852,332.6165771484
TG2940,2013-05-31 20:37:00,15.8646087646,465.748840332,380.9444580078,305.2803344727
TG2940,2013-05-31 20:42:00,15.5892276764,328.4860839844,448.4448242188,317.6611328125
TG2940,2013-05-31 20:47:00,15.6005182266,324.0526733398,357.5498962402,345.8934631348
TG2940,2013-05-31 20:52:00,16.0310077667,316.0295410156,407.6877441406,327.4551696777
TG2940,2013-05-31 20:57:00,15.9171791077,345.7311401367,411.616394043,330.4455871582
TG2940,2013-05-31 21:02:00,15.5031337738,339.6748657227,399.7216796875,320.3844909668
TG2940,2013-05-31 21:07:00,15.0270061493,302.4360961914,372.4920654297,299.5566711426
TG2940,2013-05-31 21:12:00,15.0123653412,316.5031433105,380.3897705078,305.3021850586
TG2940,2013-05-31 21:17:00,15.4203300476,366.1170043945,387.9570007324,311.953918457
TG2940,2013-05-31 21:22:00,15.8503131866,403.5504455566,405.9075622559,326.6725463867
